
insert into grille_items(item_id,item_borne_inf,item_borne_sup,item_marge,item_pourcentage,item_sequence,item_value,item_grid_id) values
(1111,   1 ,   500 ,   null, 'N',   null,   50 ,   1000),
(1112,   501 ,   2000 ,   null, 'N',   null,   150 ,   1000),
(1113,   2001 ,   3000 ,   null, 'N',   null,   200 ,   1000),
(1114,   3001 ,   5000 ,   null, 'N',   null,   250 ,   1000),
(1115,   5001 ,   10000 ,   null, 'N',   null,   500 ,   1000),
(1116,   10001 ,   15000 ,   null, 'N',   null,   600 ,   1000),
(1117,   15001 ,   25000 ,   null, 'N',   null,   750 ,   1000),
(1118,   25001 ,   50000 ,   null, 'N',   null,   1000 ,   1000),
(1119,   50001 ,   75000 ,   null, 'N',   null,   1500 ,   1000),
(1120,   75001 ,   100000 ,   null, 'N',   null,   1800 ,   1000),
(1121,   100001 ,   200000 ,   null, 'N',   null,   2200 ,   1000),
(1122,   200001 ,   250000 ,   null, 'N',   null,   3000 ,   1000),
(1123,   250001 ,   300000 ,   null, 'N',   null,   3200 ,   1000),
(1124,   300001 ,   400000 ,   null, 'N',   null,   5000 ,   1000),
(1125,   400001 ,   500000 ,   null, 'N',   null,   7300 ,   1000),
(1126,   500001 ,   750000 ,   null, 'N',   null,   7500 ,   1000),
(1127,   750001 ,   1000000 ,   null, 'N',   null,   10000 ,   1000),
(1128,   1000001 ,   3000000 ,   null, 'O',   null,   1 ,   1000),
(1129,   500 ,   5000 ,   null, 'N',   null,   200 ,   1061),
(1130,   5001 ,   10000 ,   null, 'N',   null,   350 ,   1061),
(1131,   10001 ,   20000 ,   null, 'N',   null,   550 ,   1061),
(1132,   20001 ,   30000 ,   null, 'N',   null,   815 ,   1061),
(1133,   30001 ,   50000 ,   null, 'N',   null,   1500 ,   1061),
(1134,   50001 ,   75000 ,   null, 'N',   null,   2675 ,   1061),
(1135,   75001 ,   100000 ,   null, 'N',   null,   3003 ,   1061),
(1136,   100001 ,   120000 ,   null, 'N',   null,   4050 ,   1061),
(1137,   120001 ,   200000 ,   null, 'N',   null,   4310 ,   1061),
(1138,   200001 ,   220000 ,   null, 'N',   null,   6000 ,   1061),
(1139,   220001 ,   250000 ,   null, 'N',   null,   6558 ,   1061),
(1140,   250001 ,   300000 ,   null, 'N',   null,   7900 ,   1061),
(1141,   300001 ,   400000 ,   null, 'N',   null,   9700 ,   1061),
(1142,   400001 ,   650000 ,   null, 'N',   null,   11959 ,   1061),
(1143,   650001 ,   1000000 ,   null, 'N',   null,   12858 ,   1061),
(1144,   1000001 ,   2000000 ,   null, 'N',   null,   19500 ,   1061),
(1145,   2000001 ,   5000000 ,   null, 'N',   null,   20000 ,   1061),
(1025,   1 ,   50 ,   null, 'N',   null,   2.90,   1024),
(1026,   50.01,   100 ,   null, 'N',   null,   3.50,   1024),
(1027,   100.01,   200 ,   null, 'N',   null,   6.50,   1024),
(1028,   200.01,   300 ,   null, 'N',   null,   10.50,   1024),
(1032,   300.01,   400 ,   null, 'N',   null,   15 ,   1024),
(1033,   400.01,   500 ,   null, 'N',   null,   18 ,   1024),
(1034,   500.01,   750 ,   null, 'N',   null,   25 ,   1024),
(1035,   750.01,   1000 ,   null, 'N',   null,   30 ,   1024),
(1036,   1000.01,   2000 ,   null, 'N',   null,   40 ,   1024),
(1037,   2000.01,   3000 ,   null, 'N',   null,   50 ,   1024),
(1038,   3000.01,   8000 ,   null, 'Y',   null,   2.30,   1024),
(1039,   0 ,   60000 ,   null, 'N',   null,   5366 ,   1025),
(1040,   60001 ,   90000 ,   null, 'N',   null,   6388 ,   1025),
(1041,   90001 ,   120000 ,   null, 'N',   null,   7410 ,   1025),
(1042,   120001 ,   150000 ,   null, 'N',   null,   8687 ,   1025),
(1043,   150001 ,   180000 ,   null, 'N',   null,   10220 ,   1025),
(1044,   180001 ,   210000 ,   null, 'N',   null,   12264 ,   1025),
(1045,   210001 ,   240000 ,   null, 'N',   null,   13286 ,   1025),
(1046,   240001 ,   270000 ,   null, 'N',   null,   13286 ,   1025),
(1047,   270001 ,   300000 ,   null, 'N',   null,   13286 ,   1025),
(1048,   300001 ,   400000 ,   null, 'N',   null,   19418 ,   1025),
(1049,   400001 ,   600000 ,   null, 'N',   null,   24528 ,   1025),
(1050,   600001 ,   700000 ,   null, 'N',   null,   27594 ,   1025),
(1051,   700001 ,   900000 ,   null, 'N',   null,   31682 ,   1025),
(1052,   900001 ,   1100000 ,   null, 'N',   null,   36792 ,   1025),
(1053,   1100001 ,   1400000 ,   null, 'N',   null,   48034 ,   1025),
(1054,   1400001 ,   1800000 ,   null, 'N',   null,   63875 ,   1025),
(1055,   1800001 ,   2100000 ,   null, 'N',   null,   78694 ,   1025),
(1056,   2100001 ,   2400000 ,   null, 'N',   null,   89936 ,   1025),
(1057,   2400001 ,   2700000 ,   null, 'N',   null,   100156 ,   1025),
(1058,   2700001 ,   3000000 ,   null, 'N',   null,   111398 ,   1025),
(1059,   1 ,   50 ,   null, 'N',   null,   2 ,   1055),
(1060,   50.01,   200 ,   null, 'N',   null,   3 ,   1055),
(1061,   200.01,   1000 ,   null, 'N',   null,   4 ,   1055),
(1062,   1000.01,   2000 ,   null, 'N',   null,   5 ,   1055),
(1063,   2000.01,   3000 ,   null, 'N',   null,   6 ,   1055),
(1064,   3000.01,   8000 ,   null, 'N',   null,   7 ,   1055),
(1065,   1 ,   50 ,   null, 'N',   null,   4 ,   1056),
(1066,   50.01,   200 ,   null, 'N',   null,   6 ,   1056),
(1067,   200.01,   1000 ,   null, 'N',   null,   8 ,   1056),
(1068,   1000.01,   2000 ,   null, 'N',   null,   10 ,   1056),
(1069,   2000.01,   3000 ,   null, 'N',   null,   12 ,   1056),
(1070,   3000.01,   8000 ,   null, 'N',   null,   14 ,   1056),
(1146,   1 ,   500 ,   null, 'N',   null,   50 ,   1062),
(1147,   501 ,   1000 ,   null, 'N',   null,   100 ,   1062),
(1148,   1001 ,   1100 ,   null, 'N',   null,   100 ,   1062),
(1149,   1101 ,   1500 ,   null, 'N',   null,   100 ,   1062),
(1150,   1501 ,   2000 ,   null, 'N',   null,   200 ,   1062),
(1151,   2001 ,   3000 ,   null, 'N',   null,   200 ,   1062),
(1152,   3001 ,   5000 ,   null, 'N',   null,   400 ,   1062),
(1153,   5001 ,   6000 ,   null, 'N',   null,   600 ,   1062),
(1154,   6001 ,   10000 ,   null, 'N',   null,   600 ,   1062),
(1155,   10001 ,   12000 ,   null, 'N',   null,   900 ,   1062),
(1156,   12001 ,   15000 ,   null, 'N',   null,   900 ,   1062),
(1157,   15001 ,   17000 ,   null, 'N',   null,   1000 ,   1062),
(1158,   17001 ,   20000 ,   null, 'N',   null,   1000 ,   1062),
(1159,   20001 ,   25000 ,   null, 'N',   null,   1500 ,   1062),
(1160,   25001 ,   30000 ,   null, 'N',   null,   1500 ,   1062),
(1161,   30001 ,   35000 ,   null, 'N',   null,   1500 ,   1062),
(1162,   35001 ,   40000 ,   null, 'N',   null,   1800 ,   1062),
(1163,   40001 ,   50000 ,   null, 'N',   null,   1800 ,   1062),
(1164,   50001 ,   60000 ,   null, 'N',   null,   2000 ,   1062),
(1165,   60001 ,   70000 ,   null, 'N',   null,   2700 ,   1062),
(1166,   70001 ,   75000 ,   null, 'N',   null,   2700 ,   1062),
(1167,   75001 ,   100000 ,   null, 'N',   null,   3000 ,   1062),
(1168,   100001 ,   125000 ,   null, 'N',   null,   3600 ,   1062),
(1169,   125001 ,   150000 ,   null, 'N',   null,   3600 ,   1062),
(1170,   150001 ,   175000 ,   null, 'N',   null,   3800 ,   1062),
(1171,   175001 ,   200000 ,   null, 'N',   null,   4600 ,   1062),
(1172,   200001 ,   250000 ,   null, 'N',   null,   6400 ,   1062),
(1173,   250001 ,   300000 ,   null, 'N',   null,   8000 ,   1062),
(1174,   300001 ,   350000 ,   null, 'N',   null,   8500 ,   1062),
(1175,   350001 ,   400000 ,   null, 'N',   null,   9900 ,   1062),
(1176,   400001 ,   500000 ,   null, 'N',   null,   11900 ,   1062),
(1177,   500001 ,   600000 ,   null, 'N',   null,   11900 ,   1062),
(1178,   600001 ,   700000 ,   null, 'N',   null,   13600 ,   1062),
(1179,   700001 ,   750000 ,   null, 'N',   null,   14500 ,   1062),
(1180,   750001 ,   1000000 ,   null, 'N',   null,   21700 ,   1062),
(1181,   1000001 ,   1250000 ,   null, 'N',   null,   24500 ,   1062),
(1182,   1250001 ,   1500000 ,   null, 'N',   null,   31900 ,   1062),
(1183,   1500001 ,   2000000 ,   null, 'N',   null,   36000 ,   1062),
(1184,   2000001 ,   3000000 ,   null, 'O',   null,   2 ,   1062),
(1201,   5001 ,   10000 ,   null, 'N',   null,   3000 ,   1063),
(1202,   10001 ,   20000 ,   null, 'N',   null,   3300 ,   1063),
(1203,   20001 ,   30000 ,   null, 'N',   null,   3500 ,   1063),
(1204,   30001 ,   50000 ,   null, 'N',   null,   3790 ,   1063),
(1205,   50001 ,   75000 ,   null, 'N',   null,   3950 ,   1063),
(1206,   75001 ,   100000 ,   null, 'N',   null,   4050 ,   1063),
(1207,   100001 ,   120000 ,   null, 'N',   null,   4250 ,   1063),
(1208,   120001 ,   200000 ,   null, 'N',   null,   4375 ,   1063),
(1209,   200001 ,   220000 ,   null, 'N',   null,   4450 ,   1063),
(1210,   220001 ,   235000 ,   null, 'N',   null,   7500 ,   1063),
(1211,   235000 ,   250000 ,   null, 'N',   null,   7750 ,   1063),
(1212,   250001 ,   300000 ,   null, 'N',   null,   8000 ,   1063),
(1213,   300001 ,   400000 ,   null, 'N',   null,   8950 ,   1063),
(1214,   400001 ,   510000 ,   null, 'N',   null,   9875 ,   1063),
(1215,   510001 ,   610000 ,   null, 'N',   null,   16500 ,   1063),
(1216,   610001 ,   710000 ,   null, 'N',   null,   16860 ,   1063),
(1217,   710001 ,   910000 ,   null, 'N',   null,   17720 ,   1063),
(1218,   910000 ,   1000000 ,   null, 'N',   null,   18500 ,   1063),
(1219,   1000001 ,   1210000 ,   null, 'N',   null,   32000 ,   1063),
(1220,   1210001 ,   1410000 ,   null, 'N',   null,   33000 ,   1063),
(1221,   1410001 ,   1810000 ,   null, 'N',   null,   35000 ,   1063),
(1222,   1810001 ,   2010000 ,   null, 'N',   null,   36000 ,   1063),
(1223,   2010001 ,   2110000 ,   null, 'N',   null,   37280 ,   1063),
(1224,   2110001 ,   2410000 ,   null, 'N',   null,   38600 ,   1063),
(1225,   2410001 ,   2500000 ,   null, 'N',   null,   39160 ,   1063),
(1226,   2500000 ,   5000000 ,   null, 'N',   null,   42260 ,   1063),
(1227,   0 ,   5000 ,   null, 'N',   null,   250 ,   1064),
(1228,   5001 ,   10000 ,   null, 'N',   null,   1000 ,   1064),
(1229,   10001 ,   20000 ,   null, 'N',   null,   1200 ,   1064),
(1230,   20001 ,   30000 ,   null, 'N',   null,   1360 ,   1064),
(1231,   30001 ,   50000 ,   null, 'N',   null,   3160 ,   1064),
(1232,   50001 ,   75000 ,   null, 'N',   null,   3500 ,   1064),
(1233,   75001 ,   100000 ,   null, 'N',   null,   3660 ,   1064),
(1234,   100001 ,   200000 ,   null, 'N',   null,   7660 ,   1064),
(1235,   200001 ,   210000 ,   null, 'N',   null,   7950 ,   1064),
(1236,   210001 ,   230000 ,   null, 'N',   null,   10500 ,   1064),
(1237,   230000 ,   250000 ,   null, 'N',   null,   10950 ,   1064),
(1238,   250001 ,   300000 ,   null, 'N',   null,   11300 ,   1064),
(1239,   300001 ,   400000 ,   null, 'N',   null,   11980 ,   1064),
(1240,   400001 ,   500000 ,   null, 'N',   null,   14950 ,   1064),
(1241,   500001 ,   600000 ,   null, 'N',   null,   16000 ,   1064),
(1242,   600001 ,   700000 ,   null, 'N',   null,   16960 ,   1064),
(1243,   700001 ,   900000 ,   null, 'N',   null,   18000 ,   1064),
(1244,   900000 ,   1000000 ,   null, 'N',   null,   18500 ,   1064),
(1245,   1000001 ,   1200000 ,   null, 'N',   null,   26000 ,   1064),
(1246,   1200001 ,   1400000 ,   null, 'N',   null,   27950 ,   1064),
(1247,   1400001 ,   1800000 ,   null, 'N',   null,   29950 ,   1064),
(1248,   1800001 ,   2000000 ,   null, 'N',   null,   31000 ,   1064),
(1249,   2000001 ,   2100000 ,   null, 'N',   null,   31950 ,   1064),
(1250,   2100001 ,   2400000 ,   null, 'N',   null,   33950 ,   1064),
(1251,   2400001 ,   2500000 ,   null, 'N',   null,   34300 ,   1064),
(1252,   2500000 ,   5000000 ,   null, 'N',   null,   36950 ,   1064),
(1253,   500 ,   5000 ,   null, 'N',   null,   200 ,   1065),
(1254,   5001 ,   10000 ,   null, 'N',   null,   350 ,   1065),
(1255,   10001 ,   20000 ,   null, 'N',   null,   500 ,   1065),
(1256,   20001 ,   30000 ,   null, 'N',   null,   750 ,   1065),
(1257,   30001 ,   50000 ,   null, 'N',   null,   1350 ,   1065),
(1258,   50001 ,   75000 ,   null, 'N',   null,   2675 ,   1065),
(1259,   75001 ,   100000 ,   null, 'N',   null,   2900 ,   1065),
(1260,   100001 ,   120000 ,   null, 'N',   null,   3850 ,   1065),
(1261,   120001 ,   200000 ,   null, 'N',   null,   4000 ,   1065),
(1262,   200001 ,   220000 ,   null, 'N',   null,   6000 ,   1065),
(1263,   220001 ,   250000 ,   null, 'N',   null,   6500 ,   1065),
(1264,   250001 ,   300000 ,   null, 'N',   null,   7900 ,   1065),
(1265,   300001 ,   400000 ,   null, 'N',   null,   9500 ,   1065),
(1266,   400001 ,   650000 ,   null, 'N',   null,   10000 ,   1065),
(1267,   650001 ,   1000000 ,   null, 'N',   null,   11500 ,   1065),
(1268,   1000001 ,   2000000 ,   null, 'N',   null,   18500 ,   1065),
(1269,   2000000 ,   5000000 ,   null, 'N',   null,   19000 ,   1065),
(1270,   0 ,   5000 ,   null, 'N',   null,   2950 ,   1063);

insert into valeur_parametre(vp_id,vp_value,vp_gri_id,vp_param_code,vp_ps_code,vp_uo_id) values
(1000,  null,1000,'TARIF_TRANSFERT_CASH',   'ML',1000),
(1002,  null,1000,'TARIF_TRANSFERT_CASH',   'ML',1000),
(1004,  null,1000,'TARIF_TRANSFERT_CASH',   'ML',1000),
(1006,  null,1001,'RESERVE_COMMISSION',  null,1000),
(1008,  null,1004,'COMMISSION_POS',  null,1000),
(1009,  null,1003,'COMMISSION_PARTENAIRE_INTERNE',  null,1000),
(1010,  null,1002,'COMMISSION_BANQUE',  null,1000),
(1013,  null,1010,'TAXE',   'SN',1000),
(1016,  null,1010,'TAXE',   'ML',1000),
(1017,  null,1010,'TAXE',   'FR',1000),
(1014,  null,1006,'COMMISSION_PARTENAIRE_EXTERNE',  null,1000),
(1015,  null,1007,'COMMISSION_PAIEMENT',  null,1000),
(1020,  null,1020,'FRAIS_PAIEMENT_TRANSFERT_PARTENAIRE',  null,1005),
(1029,  null,1024,'TARIF_TRANSFERT_CASH',   'FR',1000),
(1030,  null,1024,'TARIF_TRANSFERT_CASH',   'FR',1000),
(1031,  null,1024,'TARIF_TRANSFERT_CASH',   'FR',1000),
(1018,  null,1008,'COMMISSION_COMPAGNIE_VERSEMENT_CASH',  null,1000),
(1025,  null,1008,'COMMISSION_BANQUE_VERSEMENT_CASH',  null,1000),
(1022,  null,1021,'FRAIS_VERSEMENT_CASH',   'ML',1000),
(1023,  null,1021,'FRAIS_VERSEMENT_CASH',   'SN',1000),
(1024,  null,1021,'FRAIS_VERSEMENT_CASH',   'FR',1000),
(1054,  null,1010,'TAXE',   'BJ',1000),
(1055,  null,1021,'FRAIS_VERSEMENT_CASH',   'BJ',1000),
(1056,  null,1022,'TIMBRE_VERSEMENT_CASH',   'BJ',1000),
(1026,  null,1022,'TIMBRE_VERSEMENT_CASH',   'SN',1000),
(1027,  null,1022,'TIMBRE_VERSEMENT_CASH',   'ML',1000),
(1028,  null,1022,'TIMBRE_VERSEMENT_CASH',   'FR',1000),
(1032,  null,1000,'TARIF_TRANSFERT_CASH',   'CI',1000),
(1033,  null,1000,'TARIF_TRANSFERT_CASH',   'CI',1000),
(1034,  null,1000,'TARIF_TRANSFERT_CASH',   'CI',1000),
(1035,  null,1010,'TAXE',   'CI',1000),
(1036,  null,1021,'FRAIS_VERSEMENT_CASH',   'CI',1000),
(1037,  null,1022,'TIMBRE_VERSEMENT_CASH',   'CI',1000),
(1038,  null,1055,'FRAIS_OPTIONS_TROIS_JOURS',   'FR',1000),
(1039,  null,1056,'FRAIS_OPTIONS_SIX_JOURS',   'FR',1000),
(1040,  null,1057,'COMMISSION_COMPAGNIE_ADDITIONNELLE',  null,1000),
(1041,  null,1058,'COMMISSION_DISTRIBUTEUR_ADDITIONNELLE',  null,1000),
(1011,  null,1004,'COMMISSION_DISTRIBUTEUR',  null,1012),
(1012,  null,1005,'COMMISSION_COMPAGNIE',  null,1012),
(1042,  null,1059,'COMMISSION_DISTRIBUTEUR',  null,1238),
(1043,  null,1060,'COMMISSION_COMPAGNIE',  null,1238),
(1044,  null,1024,'TARIF_TRANSFERT_CASH',   'FR',1000),
(1045,  null,1024,'TARIF_TRANSFERT_CASH',   'FR',1000),
(1046,  null,1024,'TARIF_TRANSFERT_CASH',   'FR',1000),
(1047,  null,1024,'TARIF_TRANSFERT_CASH',   'FR',1000),
(1001,  null,1062,'TARIF_TRANSFERT_CASH',   'SN',1000),
(1063,  null,1022,'TIMBRE_VERSEMENT_CASH',   'BF',1000),
(1064,  null,1021,'FRAIS_VERSEMENT_CASH',   'BF',1000),
(1065,  null,1010,'TAXE',   'BF',1000),
(1066,  null,1061,'TARIF_TRANSFERT_CASH',   'BF',1000),
(1007,  null,1008,'COMMISSION_PARTENAIRE_INTERNE_VERSEMENT_CASH',  null,1000),
(1003,  null,1062,'TARIF_TRANSFERT_CASH',   'SN',1000),
(1005,  null,1062,'TARIF_TRANSFERT_CASH',   'SN',1000),
(1067,  null,1061,'TARIF_TRANSFERT_CASH',   'BF',1000),
(1068,  null,1061,'TARIF_TRANSFERT_CASH',   'BF',1000),
(1069,  null,1061,'TARIF_TRANSFERT_CASH',   'BF',1000),
(1070,  null,1061,'TARIF_TRANSFERT_CASH',   'BF',1000),
(1071,  null,1061,'TARIF_TRANSFERT_CASH',   'BF',1000),
(1048,  null,1065,'TARIF_TRANSFERT_CASH',   'BJ',1000),
(1050,  null,1063,'TARIF_TRANSFERT_CASH',   'BJ',1000),
(1051,  null,1064,'TARIF_TRANSFERT_CASH',   'BJ',1000),
(1053,  null,1064,'TARIF_TRANSFERT_CASH',   'BJ',1000),
(1049,  null,1065,'TARIF_TRANSFERT_CASH',   'BJ',1000),
(1052,  null,1065,'TARIF_TRANSFERT_CASH',   'BJ',1000),
(1072,  null,1065,'TARIF_TRANSFERT_CASH',   'BJ',1000),
(1073,  null,1062,'TARIF_TRANSFERT_CASH',   'SN',1000);

insert into calcul_montant_schema_comptable(cmsc_id, cmsc_constante_param, cmsc_rang, cmsc_montant_param, cmsc_msc_id, cmsc_oa_operateur) values
(1058,  null,  0,  1049,  1050,  'SOMME'),
(1059,  1.00,  1,  null,  1050,  'SOMME'),
(1060,  1.00,  2,  null,  1050,  'INVERSE'),
(1061,  null,  0,  1046,  1051,  'SOMME'),
(1062,  null,  1,  1050,  1051,  'MULTIPLICATION'),
(1063,  null,  0,  1046,  1052,  'SOMME'),
(1064,  null,  1,  1051,  1052,  'SOUSTRACTION'),
(1065,  null,  0,  1047,  1053,  'SOMME'),
(1066,  null,  1,  1050,  1053,  'MULTIPLICATION'),
(1067,  null,  0,  1047,  1054,  'SOMME'),
(1068,  null,  1,  1053,  1054,  'SOUSTRACTION'),
(1069,  null,  0,  1047,  1055,  'SOMME'),
(1070,  null,  1,  1046,  1055,  'SOMME'),
(1071,  null,  0,  1045,  1056,  'SOMME'),
(1072,  null,  1,  1048,  1056,  'SOUSTRACTION'),
(1073,  null,  2,  1055,  1056,  'SOUSTRACTION'),
(1074,  null,  0,  1056,  1057,  'SOMME'),
(1075,  null,  1,  1050,  1057,  'MULTIPLICATION'),
(1076,  null,  0,  1056,  1058,  'SOMME'),
(1077,  null,  1,  1057,  1058,  'SOUSTRACTION'),
(1078,  null,  0,  1044,  1060,  'SOMME'),
(1079,  null,  1,  1059,  1060,  'MULTIPLICATION'),
(1080,  null,  0,  1048,  1061,  'SOMME'),
(1081,  null,  1,  1059,  1061,  'MULTIPLICATION'),
(1082,  null,  0,  1044,  1062,  'SOMME'),
(1083,  null,  1,  1045,  1062,  'SOMME'),
(1084,  null,  0,  1062,  1063,  'SOMME'),
(1085,  null,  1,  1055,  1063,  'SOUSTRACTION'),
(1086,  null,  0,  1060,  1064,  'SOMME'),
(1087,  null,  1,  1061,  1064,  'SOMME'),
(1088,  null,  0,  1070,  1071,  'SOMME'),
(1089,  1.00,  1,  null,  1071,  'SOMME'),
(1090,  1.00,  2,  null,  1071,  'INVERSE'),
(1091,  null,  0,  1067,  1072,  'SOMME'),
(1092,  null,  1,  1071,  1072,  'MULTIPLICATION'),
(1093,  null,  0,  1067,  1073,  'SOMME'),
(1094,  null,  1,  1072,  1073,  'SOUSTRACTION'),
(1095,  null,  0,  1068,  1074,  'SOMME'),
(1096,  null,  1,  1071,  1074,  'MULTIPLICATION'),
(1097,  null,  0,  1068,  1075,  'SOMME'),
(1098,  null,  1,  1074,  1075,  'SOUSTRACTION'),
(1099,  null,  0,  1068,  1076,  'SOMME'),
(1100,  null,  1,  1067,  1076,  'SOMME'),
(1101,  null,  0,  1066,  1077,  'SOMME'),
(1102,  null,  1,  1069,  1077,  'SOUSTRACTION'),
(1103,  null,  2,  1076,  1077,  'SOUSTRACTION'),
(1104,  null,  0,  1077,  1078,  'SOMME'),
(1105,  null,  1,  1071,  1078,  'MULTIPLICATION'),
(1106,  null,  0,  1077,  1079,  'SOMME'),
(1107,  null,  1,  1078,  1079,  'SOUSTRACTION'),
(1108,  null,  0,  1065,  1081,  'SOMME'),
(1109,  null,  1,  1080,  1081,  'MULTIPLICATION'),
(1110,  null,  0,  1065,  1082,  'SOMME'),
(1111,  null,  1,  1066,  1082,  'SOMME'),
(1112,  null,  0,  1069,  1083,  'SOMME'),
(1113,  null,  1,  1080,  1083,  'MULTIPLICATION'),
(1114,  null,  0,  1082,  1084,  'SOMME'),
(1115,  null,  1,  1076,  1084,  'SOUSTRACTION'),
(1116,  null,  0,  1081,  1085,  'SOMME'),
(1117,  null,  1,  1083,  1085,  'SOMME'),
(1118,  null,  0,  1081,  1087,  'SOMME'),
(1119,  null,  1,  1086,  1087,  'MULTIPLICATION'),
(1120,  null,  0,  1083,  1088,  'SOMME'),
(1121,  null,  1,  1086,  1088,  'MULTIPLICATION'),
(1122,  null,  0,  1087,  1089,  'SOMME'),
(1123,  null,  1,  1088,  1089,  'SOMME'),
(1124,  null,  0,  1090,  1092,  'SOMME'),
(1125,  null,  1,  1091,  1092,  'MULTIPLICATION'),
(1126,  null,  0,  1092,  1095,  'SOMME'),
(1127,  null,  1,  1094,  1095,  'MULTIPLICATION'),
(1128,  null,  0,  1093,  1096,  'SOMME'),
(1129,  null,  1,  1094,  1096,  'MULTIPLICATION'),
(1130,  null,  0,  1092,  1097,  'SOMME'),
(1131,  null,  1,  1093,  1097,  'SOMME'),
(1132,  null,  0,  1095,  1098,  'SOMME'),
(1133,  null,  1,  1096,  1098,  'SOMME'),
(1134,  null,  0,  1105,  1106,  'SOMME'),
(1135,  1.00,  1,  null,  1106,  'SOMME'),
(1136,  1.00,  2,  null,  1106,  'INVERSE'),
(1137,  null,  0,  1101,  1107,  'SOMME'),
(1138,  null,  1,  1106,  1107,  'MULTIPLICATION'),
(1139,  null,  0,  1101,  1108,  'SOMME'),
(1140,  null,  1,  1107,  1108,  'SOUSTRACTION'),
(1141,  null,  0,  1102,  1109,  'SOMME'),
(1142,  null,  1,  1106,  1109,  'MULTIPLICATION'),
(1143,  null,  0,  1102,  1110,  'SOMME'),
(1144,  null,  1,  1109,  1110,  'SOUSTRACTION'),
(1145,  null,  0,  1103,  1111,  'SOMME'),
(1146,  null,  1,  1106,  1111,  'MULTIPLICATION'),
(1147,  null,  0,  1103,  1112,  'SOMME'),
(1148,  null,  1,  1111,  1112,  'SOUSTRACTION'),
(1149,  null,  0,  1102,  1113,  'SOMME'),
(1150,  null,  1,  1101,  1113,  'SOMME'),
(1151,  null,  0,  1103,  1114,  'SOMME'),
(1152,  null,  1,  1113,  1114,  'SOMME'),
(1153,  null,  0,  1100,  1115,  'SOMME'),
(1154,  null,  1,  1104,  1115,  'SOUSTRACTION'),
(1155,  null,  2,  1114,  1115,  'SOUSTRACTION'),
(1156,  null,  0,  1115,  1116,  'SOMME'),
(1157,  null,  1,  1106,  1116,  'MULTIPLICATION'),
(1158,  null,  0,  1115,  1117,  'SOMME'),
(1159,  null,  1,  1116,  1117,  'SOUSTRACTION'),
(1160,  null,  0,  1099,  1119,  'SOMME'),
(1161,  null,  1,  1118,  1119,  'MULTIPLICATION'),
(1162,  null,  0,  1104,  1120,  'SOMME'),
(1163,  null,  1,  1118,  1120,  'MULTIPLICATION'),
(1164,  null,  0,  1099,  1121,  'SOMME'),
(1165,  null,  1,  1100,  1121,  'SOMME'),
(1166,  null,  0,  1119,  1122,  'SOMME'),
(1167,  null,  1,  1120,  1122,  'SOMME'),
(1168,  null,  0,  1121,  1123,  'SOMME'),
(1169,  null,  1,  1113,  1123,  'SOUSTRACTION'),
(1170,  null,  0,  1121,  1124,  'SOMME'),
(1171,  null,  1,  1114,  1124,  'SOUSTRACTION'),
(1172,  null,  0,  1131,  1132,  'SOMME'),
(1173,  1.00,  1,  null,  1132,  'SOMME'),
(1174,  1.00,  2,  null,  1132,  'INVERSE'),
(1175,  null,  0,  1127,  1133,  'SOMME'),
(1176,  null,  1,  1132,  1133,  'MULTIPLICATION'),
(1177,  null,  0,  1127,  1134,  'SOMME'),
(1178,  null,  1,  1133,  1134,  'SOUSTRACTION'),
(1179,  null,  0,  1128,  1135,  'SOMME'),
(1180,  null,  1,  1132,  1135,  'MULTIPLICATION'),
(1181,  null,  0,  1128,  1136,  'SOMME'),
(1182,  null,  1,  1135,  1136,  'SOUSTRACTION'),
(1183,  null,  0,  1129,  1137,  'SOMME'),
(1184,  null,  1,  1132,  1137,  'MULTIPLICATION'),
(1185,  null,  0,  1129,  1138,  'SOMME'),
(1186,  null,  1,  1137,  1138,  'SOUSTRACTION'),
(1187,  null,  0,  1127,  1139,  'SOMME'),
(1188,  null,  1,  1128,  1139,  'SOMME'),
(1189,  null,  0,  1129,  1140,  'SOMME'),
(1190,  null,  1,  1139,  1140,  'SOMME'),
(1191,  null,  0,  1126,  1141,  'SOMME'),
(1192,  null,  1,  1130,  1141,  'SOUSTRACTION'),
(1193,  null,  2,  1140,  1141,  'SOUSTRACTION'),
(1194,  null,  0,  1141,  1142,  'SOMME'),
(1195,  null,  1,  1132,  1142,  'MULTIPLICATION'),
(1196,  null,  0,  1141,  1143,  'SOMME'),
(1197,  null,  1,  1142,  1143,  'SOUSTRACTION'),
(1198,  null,  0,  1125,  1145,  'SOMME'),
(1199,  null,  1,  1144,  1145,  'MULTIPLICATION'),
(1200,  null,  0,  1125,  1146,  'SOMME'),
(1201,  null,  1,  1126,  1146,  'SOMME'),
(1202,  null,  0,  1130,  1147,  'SOMME'),
(1203,  null,  1,  1144,  1147,  'MULTIPLICATION'),
(1204,  null,  0,  1146,  1148,  'SOMME'),
(1205,  null,  1,  1139,  1148,  'SOUSTRACTION'),
(1206,  null,  2,  1129,  1148,  'SOUSTRACTION'),
(1207,  null,  0,  1146,  1149,  'SOMME'),
(1208,  null,  1,  1139,  1149,  'SOUSTRACTION'),
(1209,  null,  0,  1146,  1150,  'SOMME'),
(1210,  null,  1,  1140,  1150,  'SOUSTRACTION'),
(1211,  null,  0,  1145,  1151,  'SOMME'),
(1212,  null,  1,  1147,  1151,  'SOMME'),
(1213,  null,  0,  1145,  1153,  'SOMME'),
(1214,  null,  1,  1152,  1153,  'MULTIPLICATION'),
(1215,  null,  0,  1147,  1154,  'SOMME'),
(1216,  null,  1,  1152,  1154,  'MULTIPLICATION'),
(1217,  null,  0,  1153,  1155,  'SOMME'),
(1218,  null,  1,  1154,  1155,  'SOMME'),
(1767,  null,  0,  1552,  1555,  'SOMME'),
(1768,  2.00,  1,  null,  1555,  'DIVISION'),
(1769,  null,  0,  1554,  1556,  'SOMME'),
(1770,  1.00,  1,  null,  1556,  'SOMME'),
(1771,  1.00,  2,  null,  1556,  'INVERSE'),
(1772,  null,  0,  1555,  1557,  'SOMME'),
(1773,  null,  1,  1553,  1557,  'SOUSTRACTION'),
(1774,  null,  0,  1557,  1558,  'SOMME'),
(1775,  null,  1,  1556,  1558,  'MULTIPLICATION'),
(1776,  null,  0,  1557,  1559,  'SOMME'),
(1777,  null,  1,  1558,  1559,  'SOUSTRACTION'),
(1778,  null,  0,  1551,  1560,  'SOMME'),
(1779,  null,  1,  1555,  1560,  'SOMME'),
(1780,  null,  0,  1551,  1561,  'SOMME'),
(1781,  null,  1,  1553,  1561,  'SOMME'),
(1782,  null,  0,  1551,  1563,  'SOMME'),
(1783,  null,  1,  1562,  1563,  'MULTIPLICATION'),
(1784,  null,  0,  1553,  1564,  'SOMME'),
(1785,  null,  1,  1562,  1564,  'MULTIPLICATION'),
(1307,  null,  0,  1229,  1230,  'SOMME'),
(1308,  1.00,  1,  null,  1230,  'SOMME'),
(1309,  1.00,  2,  null,  1230,  'INVERSE'),
(1310,  null,  0,  1227,  1231,  'SOMME'),
(1311,  2.00,  1,  null,  1231,  'MULTIPLICATION'),
(1312,  null,  0,  1228,  1232,  'SOMME'),
(1313,  2.00,  1,  null,  1232,  'MULTIPLICATION'),
(1314,  null,  0,  1232,  1233,  'SOMME'),
(1315,  null,  1,  1231,  1233,  'SOMME'),
(1316,  null,  0,  1225,  1234,  'SOMME'),
(1317,  null,  1,  1226,  1234,  'SOMME'),
(1318,  null,  0,  1226,  1235,  'SOMME'),
(1319,  null,  1,  1233,  1235,  'SOUSTRACTION'),
(1320,  null,  0,  1231,  1236,  'SOMME'),
(1321,  null,  1,  1230,  1236,  'MULTIPLICATION'),
(1322,  null,  0,  1231,  1237,  'SOMME'),
(1323,  null,  1,  1236,  1237,  'SOUSTRACTION'),
(1324,  null,  0,  1232,  1238,  'SOMME'),
(1325,  null,  1,  1230,  1238,  'MULTIPLICATION'),
(1326,  null,  0,  1232,  1239,  'SOMME'),
(1327,  null,  1,  1238,  1239,  'SOUSTRACTION'),
(1328,  null,  0,  1235,  1240,  'SOMME'),
(1329,  null,  1,  1230,  1240,  'MULTIPLICATION'),
(1330,  null,  0,  1235,  1241,  'SOMME'),
(1331,  null,  1,  1240,  1241,  'SOUSTRACTION'),
(1332,  null,  0,  1225,  1242,  'SOMME'),
(1333,  null,  1,  1233,  1242,  'SOMME'),
(1334,  null,  0,  1225,  1243,  'SOMME'),
(1335,  null,  1,  1231,  1243,  'SOMME'),
(1336,  null,  0,  1250,  1251,  'SOMME'),
(1337,  1.00,  1,  null,  1251,  'SOMME'),
(1338,  1.00,  2,  null,  1251,  'INVERSE'),
(1339,  null,  0,  1248,  1252,  'SOMME'),
(1340,  2.00,  1,  null,  1252,  'MULTIPLICATION'),
(1341,  null,  0,  1249,  1253,  'SOMME'),
(1342,  2.00,  1,  null,  1253,  'MULTIPLICATION'),
(1343,  null,  0,  1253,  1254,  'SOMME'),
(1344,  null,  1,  1252,  1254,  'SOMME'),
(1345,  null,  0,  1244,  1255,  'SOMME'),
(1346,  null,  1,  1245,  1255,  'SOMME'),
(1347,  null,  0,  1245,  1256,  'SOMME'),
(1348,  null,  1,  1254,  1256,  'SOUSTRACTION'),
(1349,  null,  0,  1252,  1257,  'SOMME'),
(1350,  null,  1,  1251,  1257,  'MULTIPLICATION'),
(1351,  null,  0,  1252,  1258,  'SOMME'),
(1352,  null,  1,  1257,  1258,  'SOUSTRACTION'),
(1353,  null,  0,  1253,  1259,  'SOMME'),
(1354,  null,  1,  1251,  1259,  'MULTIPLICATION'),
(1355,  null,  0,  1253,  1260,  'SOMME'),
(1356,  null,  1,  1259,  1260,  'SOUSTRACTION'),
(1357,  null,  0,  1256,  1261,  'SOMME'),
(1358,  null,  1,  1251,  1261,  'MULTIPLICATION'),
(1359,  null,  0,  1256,  1262,  'SOMME'),
(1360,  null,  1,  1261,  1262,  'SOUSTRACTION'),
(1361,  null,  0,  1244,  1263,  'SOMME'),
(1362,  null,  1,  1254,  1263,  'SOMME'),
(1363,  null,  0,  1244,  1264,  'SOMME'),
(1364,  null,  1,  1252,  1264,  'SOMME'),
(1365,  null,  0,  1246,  1265,  'SOMME'),
(1366,  null,  1,  1247,  1265,  'SOMME'),
(1367,  null,  0,  1272,  1273,  'SOMME'),
(1368,  1.00,  1,  null,  1273,  'SOMME'),
(1369,  1.00,  2,  null,  1273,  'INVERSE'),
(1370,  null,  0,  1270,  1274,  'SOMME'),
(1371,  2.00,  1,  null,  1274,  'MULTIPLICATION'),
(1372,  null,  0,  1271,  1275,  'SOMME'),
(1373,  2.00,  1,  null,  1275,  'MULTIPLICATION'),
(1374,  null,  0,  1275,  1276,  'SOMME'),
(1375,  null,  1,  1274,  1276,  'SOMME'),
(1376,  null,  0,  1266,  1277,  'SOMME'),
(1377,  null,  1,  1267,  1277,  'SOMME'),
(1378,  null,  0,  1267,  1278,  'SOMME'),
(1379,  null,  1,  1276,  1278,  'SOUSTRACTION'),
(1380,  null,  0,  1274,  1279,  'SOMME'),
(1381,  null,  1,  1273,  1279,  'MULTIPLICATION'),
(1382,  null,  0,  1274,  1280,  'SOMME'),
(1383,  null,  1,  1279,  1280,  'SOUSTRACTION'),
(1384,  null,  0,  1275,  1281,  'SOMME'),
(1385,  null,  1,  1273,  1281,  'MULTIPLICATION'),
(1386,  null,  0,  1275,  1282,  'SOMME'),
(1387,  null,  1,  1281,  1282,  'SOUSTRACTION'),
(1388,  null,  0,  1278,  1283,  'SOMME'),
(1389,  null,  1,  1273,  1283,  'MULTIPLICATION'),
(1390,  null,  0,  1278,  1284,  'SOMME'),
(1391,  null,  1,  1283,  1284,  'SOUSTRACTION'),
(1392,  null,  0,  1266,  1285,  'SOMME'),
(1393,  null,  1,  1276,  1285,  'SOMME'),
(1394,  null,  0,  1266,  1286,  'SOMME'),
(1395,  null,  1,  1274,  1286,  'SOMME'),
(1396,  null,  0,  1268,  1287,  'SOMME'),
(1397,  null,  1,  1269,  1287,  'SOMME'),
(1398,  null,  0,  1293,  1294,  'SOMME'),
(1399,  1.00,  1,  null,  1294,  'SOMME'),
(1400,  1.00,  2,  null,  1294,  'INVERSE'),
(1401,  null,  0,  1290,  1295,  'SOMME'),
(1402,  2.00,  1,  null,  1295,  'MULTIPLICATION'),
(1403,  null,  0,  1291,  1296,  'SOMME'),
(1404,  2.00,  1,  null,  1296,  'MULTIPLICATION'),
(1405,  null,  0,  1292,  1297,  'SOMME'),
(1406,  2.00,  1,  null,  1297,  'MULTIPLICATION'),
(1407,  null,  0,  1295,  1298,  'SOMME'),
(1408,  null,  1,  1296,  1298,  'SOMME'),
(1409,  null,  0,  1298,  1299,  'SOMME'),
(1410,  null,  1,  1297,  1299,  'SOMME'),
(1411,  null,  0,  1288,  1300,  'SOMME'),
(1412,  null,  1,  1289,  1300,  'SOMME'),
(1413,  null,  0,  1289,  1301,  'SOMME'),
(1414,  null,  1,  1299,  1301,  'SOUSTRACTION'),
(1415,  null,  0,  1295,  1302,  'SOMME'),
(1416,  null,  1,  1294,  1302,  'MULTIPLICATION'),
(1417,  null,  0,  1295,  1303,  'SOMME'),
(1418,  null,  1,  1302,  1303,  'SOUSTRACTION'),
(1419,  null,  0,  1296,  1304,  'SOMME'),
(1420,  null,  1,  1294,  1304,  'MULTIPLICATION'),
(1421,  null,  0,  1296,  1305,  'SOMME'),
(1422,  null,  1,  1304,  1305,  'SOUSTRACTION'),
(1423,  null,  0,  1297,  1306,  'SOMME'),
(1424,  null,  1,  1294,  1306,  'MULTIPLICATION'),
(1425,  null,  0,  1297,  1307,  'SOMME'),
(1426,  null,  1,  1306,  1307,  'SOUSTRACTION'),
(1427,  null,  0,  1301,  1308,  'SOMME'),
(1428,  null,  1,  1294,  1308,  'MULTIPLICATION'),
(1429,  null,  0,  1301,  1309,  'SOMME'),
(1430,  null,  1,  1308,  1309,  'SOUSTRACTION'),
(1431,  null,  0,  1288,  1310,  'SOMME'),
(1432,  null,  1,  1299,  1310,  'SOMME'),
(1433,  null,  0,  1288,  1311,  'SOMME'),
(1434,  null,  1,  1298,  1311,  'SOMME'),
(1435,  null,  0,  1288,  1312,  'SOMME'),
(1436,  null,  1,  1295,  1312,  'SOMME'),
(1437,  null,  0,  1320,  1321,  'SOMME'),
(1438,  1.00,  1,  null,  1321,  'SOMME'),
(1439,  1.00,  2,  null,  1321,  'INVERSE'),
(1440,  null,  0,  1317,  1322,  'SOMME'),
(1441,  2.00,  1,  null,  1322,  'MULTIPLICATION'),
(1442,  null,  0,  1318,  1323,  'SOMME'),
(1443,  2.00,  1,  null,  1323,  'MULTIPLICATION'),
(1444,  null,  0,  1319,  1324,  'SOMME'),
(1445,  2.00,  1,  null,  1324,  'MULTIPLICATION'),
(1446,  null,  0,  1322,  1325,  'SOMME'),
(1447,  null,  1,  1323,  1325,  'SOMME'),
(1448,  null,  0,  1325,  1326,  'SOMME'),
(1449,  null,  1,  1324,  1326,  'SOMME'),
(1450,  null,  0,  1313,  1327,  'SOMME'),
(1451,  null,  1,  1314,  1327,  'SOMME'),
(1452,  null,  0,  1314,  1328,  'SOMME'),
(1453,  null,  1,  1326,  1328,  'SOUSTRACTION'),
(1454,  null,  0,  1322,  1329,  'SOMME'),
(1455,  null,  1,  1321,  1329,  'MULTIPLICATION'),
(1456,  null,  0,  1322,  1330,  'SOMME'),
(1457,  null,  1,  1329,  1330,  'SOUSTRACTION'),
(1458,  null,  0,  1323,  1331,  'SOMME'),
(1459,  null,  1,  1321,  1331,  'MULTIPLICATION'),
(1460,  null,  0,  1323,  1332,  'SOMME'),
(1693,  null,  1,  1499,  1500,  'SOMME'),
(1461,  null,  1,  1331,  1332,  'SOUSTRACTION'),
(1462,  null,  0,  1324,  1333,  'SOMME'),
(1463,  null,  1,  1321,  1333,  'MULTIPLICATION'),
(1464,  null,  0,  1324,  1334,  'SOMME'),
(1465,  null,  1,  1333,  1334,  'SOUSTRACTION'),
(1466,  null,  0,  1328,  1335,  'SOMME'),
(1467,  null,  1,  1321,  1335,  'MULTIPLICATION'),
(1468,  null,  0,  1328,  1336,  'SOMME'),
(1469,  null,  1,  1335,  1336,  'SOUSTRACTION'),
(1470,  null,  0,  1313,  1337,  'SOMME'),
(1471,  null,  1,  1326,  1337,  'SOMME'),
(1472,  null,  0,  1313,  1338,  'SOMME'),
(1473,  null,  1,  1325,  1338,  'SOMME'),
(1474,  null,  0,  1313,  1339,  'SOMME'),
(1475,  null,  1,  1322,  1339,  'SOMME'),
(1476,  null,  0,  1315,  1340,  'SOMME'),
(1477,  null,  1,  1316,  1340,  'SOMME'),
(1478,  null,  0,  1348,  1349,  'SOMME'),
(1479,  1.00,  1,  null,  1349,  'SOMME'),
(1480,  1.00,  2,  null,  1349,  'INVERSE'),
(1481,  null,  0,  1345,  1350,  'SOMME'),
(1482,  2.00,  1,  null,  1350,  'MULTIPLICATION'),
(1483,  null,  0,  1346,  1351,  'SOMME'),
(1484,  2.00,  1,  null,  1351,  'MULTIPLICATION'),
(1485,  null,  0,  1347,  1352,  'SOMME'),
(1486,  2.00,  1,  null,  1352,  'MULTIPLICATION'),
(1487,  null,  0,  1350,  1353,  'SOMME'),
(1488,  null,  1,  1351,  1353,  'SOMME'),
(1489,  null,  0,  1353,  1354,  'SOMME'),
(1490,  null,  1,  1352,  1354,  'SOMME'),
(1491,  null,  0,  1341,  1355,  'SOMME'),
(1492,  null,  1,  1342,  1355,  'SOMME'),
(1493,  null,  0,  1342,  1356,  'SOMME'),
(1494,  null,  1,  1354,  1356,  'SOUSTRACTION'),
(1495,  null,  0,  1350,  1357,  'SOMME'),
(1496,  null,  1,  1349,  1357,  'MULTIPLICATION'),
(1497,  null,  0,  1350,  1358,  'SOMME'),
(1498,  null,  1,  1357,  1358,  'SOUSTRACTION'),
(1499,  null,  0,  1351,  1359,  'SOMME'),
(1500,  null,  1,  1349,  1359,  'MULTIPLICATION'),
(1501,  null,  0,  1351,  1360,  'SOMME'),
(1502,  null,  1,  1359,  1360,  'SOUSTRACTION'),
(1503,  null,  0,  1352,  1361,  'SOMME'),
(1504,  null,  1,  1349,  1361,  'MULTIPLICATION'),
(1505,  null,  0,  1352,  1362,  'SOMME'),
(1506,  null,  1,  1361,  1362,  'SOUSTRACTION'),
(1507,  null,  0,  1356,  1363,  'SOMME'),
(1508,  null,  1,  1349,  1363,  'MULTIPLICATION'),
(1509,  null,  0,  1356,  1364,  'SOMME'),
(1510,  null,  1,  1363,  1364,  'SOUSTRACTION'),
(1511,  null,  0,  1341,  1365,  'SOMME'),
(1512,  null,  1,  1354,  1365,  'SOMME'),
(1513,  null,  0,  1341,  1366,  'SOMME'),
(1514,  null,  1,  1353,  1366,  'SOMME'),
(1515,  null,  0,  1341,  1367,  'SOMME'),
(1516,  null,  1,  1350,  1367,  'SOMME'),
(1517,  null,  0,  1343,  1368,  'SOMME'),
(1518,  null,  1,  1344,  1368,  'SOMME'),
(1519,  null,  0,  1370,  1371,  'SOMME'),
(1520,  2.00,  1,  null,  1371,  'DIVISION'),
(1521,  null,  0,  1369,  1372,  'SOMME'),
(1522,  null,  1,  1371,  1372,  'SOMME'),
(1786,  null,  0,  1563,  1565,  'SOMME'),
(1787,  null,  1,  1564,  1565,  'SOMME'),
(1788,  null,  0,  1567,  1570,  'SOMME'),
(1789,  2.00,  1,  null,  1570,  'DIVISION'),
(1790,  null,  0,  1569,  1571,  'SOMME'),
(1791,  1.00,  1,  null,  1571,  'SOMME'),
(1792,  1.00,  2,  null,  1571,  'INVERSE'),
(1793,  null,  0,  1570,  1572,  'SOMME'),
(1794,  null,  1,  1568,  1572,  'SOUSTRACTION'),
(1795,  null,  0,  1572,  1573,  'SOMME'),
(1796,  null,  1,  1571,  1573,  'MULTIPLICATION'),
(1797,  null,  0,  1572,  1574,  'SOMME'),
(1798,  null,  1,  1573,  1574,  'SOUSTRACTION'),
(1799,  null,  0,  1566,  1575,  'SOMME'),
(1800,  null,  1,  1570,  1575,  'SOMME'),
(1801,  null,  0,  1566,  1576,  'SOMME'),
(1802,  null,  1,  1568,  1576,  'SOMME'),
(1803,  null,  0,  1566,  1578,  'SOMME'),
(1804,  null,  1,  1577,  1578,  'MULTIPLICATION'),
(1542,  null,  0,  1388,  1389,  'SOMME'),
(1543,  2.00,  1,  null,  1389,  'DIVISION'),
(1544,  null,  0,  1387,  1390,  'SOMME'),
(1545,  null,  1,  1389,  1390,  'SOMME'),
(1805,  null,  0,  1568,  1579,  'SOMME'),
(1806,  null,  1,  1577,  1579,  'MULTIPLICATION'),
(1807,  null,  0,  1578,  1580,  'SOMME'),
(1808,  null,  1,  1579,  1580,  'SOMME'),
(1906,  null,  0,  1648,  1650,  'SOMME'),
(1907,  1.00,  1,  null,  1650,  'SOMME'),
(1908,  1.00,  2,  null,  1650,  'INVERSE'),
(1909,  null,  0,  1649,  1651,  'SOMME'),
(1910,  null,  1,  1647,  1651,  'SOUSTRACTION'),
(1911,  null,  0,  1651,  1652,  'SOMME'),
(1912,  null,  1,  1650,  1652,  'MULTIPLICATION'),
(1913,  null,  0,  1651,  1653,  'SOMME'),
(1914,  null,  1,  1652,  1653,  'SOUSTRACTION'),
(1915,  null,  0,  1645,  1654,  'SOMME'),
(1916,  null,  1,  1649,  1654,  'SOMME'),
(1917,  null,  0,  1645,  1655,  'SOMME'),
(1918,  null,  1,  1647,  1655,  'SOMME'),
(1919,  null,  0,  1645,  1657,  'SOMME'),
(1920,  null,  1,  1656,  1657,  'MULTIPLICATION'),
(1921,  null,  0,  1647,  1658,  'SOMME'),
(1922,  null,  1,  1656,  1658,  'MULTIPLICATION'),
(1923,  null,  0,  1657,  1659,  'SOMME'),
(1924,  null,  1,  1658,  1659,  'SOMME'),
(1925,  null,  0,  1665,  1666,  'SOMME'),
(1926,  1.00,  1,  null,  1666,  'SOMME'),
(1927,  1.00,  2,  null,  1666,  'INVERSE'),
(1928,  null,  0,  1662,  1667,  'SOMME'),
(1929,  2.00,  1,  null,  1667,  'MULTIPLICATION'),
(1930,  null,  0,  1663,  1668,  'SOMME'),
(1931,  2.00,  1,  null,  1668,  'MULTIPLICATION'),
(1932,  null,  2,  1667,  1668,  'SOMME'),
(1814,  null,  0,  1063,  1583,  'SOMME'),
(1815,  null,  1,  1056,  1583,  'SOUSTRACTION'),
(1816,  null,  0,  1084,  1584,  'SOMME'),
(1817,  null,  1,  1077,  1584,  'SOUSTRACTION'),
(1818,  null,  0,  1124,  1585,  'SOMME'),
(1819,  null,  1,  1115,  1585,  'SOUSTRACTION'),
(1820,  null,  0,  1150,  1586,  'SOMME'),
(1821,  null,  1,  1141,  1586,  'SOUSTRACTION'),
(1933,  null,  0,  1664,  1669,  'SOMME'),
(1934,  2.00,  1,  null,  1669,  'MULTIPLICATION'),
(1935,  null,  0,  1668,  1670,  'SOMME'),
(1936,  null,  1,  1669,  1670,  'SOMME'),
(1937,  null,  0,  1660,  1671,  'SOMME'),
(1938,  null,  1,  1661,  1671,  'SOMME'),
(1939,  null,  0,  1661,  1672,  'SOMME'),
(1940,  null,  1,  1670,  1672,  'SOUSTRACTION'),
(1941,  null,  0,  1668,  1673,  'SOMME'),
(1942,  null,  1,  1666,  1673,  'MULTIPLICATION'),
(1943,  null,  0,  1668,  1674,  'SOMME'),
(1944,  null,  1,  1673,  1674,  'SOUSTRACTION'),
(1945,  null,  0,  1669,  1675,  'SOMME'),
(1946,  null,  1,  1666,  1675,  'MULTIPLICATION'),
(1947,  null,  0,  1669,  1676,  'SOMME'),
(1948,  null,  1,  1675,  1676,  'SOUSTRACTION'),
(1949,  null,  0,  1672,  1677,  'SOMME'),
(1950,  null,  1,  1666,  1677,  'MULTIPLICATION'),
(1951,  null,  0,  1672,  1678,  'SOMME'),
(1952,  null,  1,  1677,  1678,  'SOUSTRACTION'),
(1953,  null,  0,  1660,  1679,  'SOMME'),
(1954,  null,  1,  1670,  1679,  'SOMME'),
(1955,  null,  0,  1660,  1680,  'SOMME'),
(1956,  null,  1,  1668,  1680,  'SOMME'),
(1957,  null,  0,  1688,  1689,  'SOMME'),
(1958,  1.00,  1,  null,  1689,  'SOMME'),
(1959,  1.00,  2,  null,  1689,  'INVERSE'),
(1960,  null,  0,  1685,  1690,  'SOMME'),
(1961,  2.00,  1,  null,  1690,  'MULTIPLICATION'),
(1962,  null,  0,  1686,  1691,  'SOMME'),
(1963,  2.00,  1,  null,  1691,  'MULTIPLICATION'),
(1964,  null,  2,  1690,  1691,  'SOMME'),
(1965,  null,  0,  1687,  1692,  'SOMME'),
(1966,  2.00,  1,  null,  1692,  'MULTIPLICATION'),
(1967,  null,  0,  1691,  1693,  'SOMME'),
(1968,  null,  1,  1692,  1693,  'SOMME'),
(1969,  null,  0,  1681,  1694,  'SOMME'),
(1970,  null,  1,  1682,  1694,  'SOMME'),
(1971,  null,  0,  1682,  1695,  'SOMME'),
(1972,  null,  1,  1693,  1695,  'SOUSTRACTION'),
(1973,  null,  0,  1691,  1696,  'SOMME'),
(1974,  null,  1,  1689,  1696,  'MULTIPLICATION'),
(1975,  null,  0,  1691,  1697,  'SOMME'),
(1976,  null,  1,  1696,  1697,  'SOUSTRACTION'),
(1977,  null,  0,  1692,  1698,  'SOMME'),
(1978,  null,  1,  1689,  1698,  'MULTIPLICATION'),
(1979,  null,  0,  1692,  1699,  'SOMME'),
(1980,  null,  1,  1698,  1699,  'SOUSTRACTION'),
(1981,  null,  0,  1695,  1700,  'SOMME'),
(1982,  null,  1,  1689,  1700,  'MULTIPLICATION'),
(1983,  null,  0,  1695,  1701,  'SOMME'),
(1984,  null,  1,  1700,  1701,  'SOUSTRACTION'),
(1985,  null,  0,  1681,  1702,  'SOMME'),
(1986,  null,  1,  1693,  1702,  'SOMME'),
(1987,  null,  0,  1681,  1703,  'SOMME'),
(1683,  null,  0,  1495,  1496,  'SOMME'),
(1684,  1.00,  1,  null,  1496,  'SOMME'),
(1685,  1.00,  2,  null,  1496,  'INVERSE'),
(1686,  null,  0,  1491,  1497,  'SOMME'),
(1687,  null,  1,  1492,  1497,  'SOMME'),
(1688,  null,  0,  1497,  1498,  'SOMME'),
(1689,  null,  1,  1493,  1498,  'SOMME'),
(1690,  null,  0,  1492,  1499,  'SOMME'),
(1691,  null,  1,  1494,  1499,  'SOUSTRACTION'),
(1692,  null,  0,  1491,  1500,  'SOMME'),
(1694,  null,  0,  1494,  1501,  'SOMME'),
(1695,  null,  1,  1496,  1501,  'MULTIPLICATION'),
(1696,  null,  0,  1494,  1502,  'SOMME'),
(1697,  null,  1,  1501,  1502,  'SOUSTRACTION'),
(1698,  null,  0,  1499,  1503,  'SOMME'),
(1699,  null,  1,  1496,  1503,  'MULTIPLICATION'),
(1700,  null,  0,  1499,  1504,  'SOMME'),
(1701,  null,  1,  1503,  1504,  'SOUSTRACTION'),
(1702,  null,  0,  1509,  1510,  'SOMME'),
(1703,  1.00,  1,  null,  1510,  'SOMME'),
(1704,  1.00,  2,  null,  1510,  'INVERSE'),
(1705,  null,  0,  1505,  1511,  'SOMME'),
(1706,  null,  1,  1506,  1511,  'SOMME'),
(1707,  null,  0,  1511,  1512,  'SOMME'),
(1708,  null,  1,  1507,  1512,  'SOMME'),
(1709,  null,  0,  1506,  1513,  'SOMME'),
(1710,  null,  1,  1508,  1513,  'SOUSTRACTION'),
(1711,  null,  0,  1505,  1514,  'SOMME'),
(1712,  null,  1,  1513,  1514,  'SOMME'),
(1713,  null,  0,  1514,  1515,  'SOMME'),
(1714,  null,  1,  1507,  1515,  'SOMME'),
(1715,  null,  0,  1508,  1516,  'SOMME'),
(1716,  null,  1,  1510,  1516,  'MULTIPLICATION'),
(1717,  null,  0,  1508,  1517,  'SOMME'),
(1718,  null,  1,  1516,  1517,  'SOUSTRACTION'),
(1719,  null,  0,  1513,  1518,  'SOMME'),
(1720,  null,  1,  1510,  1518,  'MULTIPLICATION'),
(1721,  null,  0,  1513,  1519,  'SOMME'),
(1722,  null,  1,  1518,  1519,  'SOUSTRACTION'),
(1723,  null,  0,  1508,  1520,  'SOMME'),
(1724,  null,  1,  1507,  1520,  'SOMME'),
(1900,  null,  0,  1642,  1643,  'SOMME'),
(1901,  2.00,  1,  null,  1643,  'DIVISION'),
(1902,  null,  0,  1641,  1644,  'SOMME'),
(1903,  null,  1,  1643,  1644,  'SOMME'),
(1904,  null,  0,  1646,  1649,  'SOMME'),
(1905,  2.00,  1,  null,  1649,  'DIVISION'),
(1988,  null,  1,  1691,  1703,  'SOMME'),
(1989,  null,  0,  1683,  1704,  'SOMME'),
(1990,  null,  1,  1684,  1704,  'SOMME'),
(1991,  null,  0,  1712,  1713,  'SOMME'),
(1992,  1.00,  1,  null,  1713,  'SOMME'),
(1993,  1.00,  2,  null,  1713,  'INVERSE'),
(1994,  null,  0,  1709,  1714,  'SOMME'),
(1995,  2.00,  1,  null,  1714,  'MULTIPLICATION'),
(1996,  null,  0,  1710,  1715,  'SOMME'),
(1997,  2.00,  1,  null,  1715,  'MULTIPLICATION'),
(1998,  null,  2,  1714,  1715,  'SOMME'),
(1999,  null,  0,  1711,  1716,  'SOMME'),
(2000,  2.00,  1,  null,  1716,  'MULTIPLICATION'),
(2001,  null,  0,  1715,  1717,  'SOMME'),
(2002,  null,  1,  1716,  1717,  'SOMME'),
(2003,  null,  0,  1705,  1718,  'SOMME'),
(2004,  null,  1,  1706,  1718,  'SOMME'),
(2005,  null,  0,  1706,  1719,  'SOMME'),
(2006,  null,  1,  1717,  1719,  'SOUSTRACTION'),
(2007,  null,  0,  1715,  1720,  'SOMME'),
(2008,  null,  1,  1713,  1720,  'MULTIPLICATION'),
(2009,  null,  0,  1715,  1721,  'SOMME'),
(2010,  null,  1,  1720,  1721,  'SOUSTRACTION'),
(2011,  null,  0,  1716,  1722,  'SOMME'),
(2012,  null,  1,  1713,  1722,  'MULTIPLICATION'),
(2013,  null,  0,  1716,  1723,  'SOMME'),
(2014,  null,  1,  1722,  1723,  'SOUSTRACTION'),
(2015,  null,  0,  1719,  1724,  'SOMME'),
(2016,  null,  1,  1713,  1724,  'MULTIPLICATION'),
(2017,  null,  0,  1719,  1725,  'SOMME'),
(2018,  null,  1,  1724,  1725,  'SOUSTRACTION'),
(2019,  null,  0,  1705,  1726,  'SOMME'),
(2020,  null,  1,  1717,  1726,  'SOMME'),
(2021,  null,  0,  1705,  1727,  'SOMME'),
(2022,  null,  1,  1715,  1727,  'SOMME'),
(2023,  null,  0,  1707,  1728,  'SOMME'),
(2024,  null,  1,  1708,  1728,  'SOMME'),
(2025,  null,  0,  1733,  1734,  'SOMME'),
(2026,  1.00,  1,  null,  1734,  'SOMME'),
(2027,  1.00,  2,  null,  1734,  'INVERSE'),
(2028,  null,  0,  1729,  1735,  'SOMME'),
(2029,  null,  1,  1730,  1735,  'SOMME'),
(2030,  null,  0,  1735,  1736,  'SOMME'),
(2031,  null,  1,  1731,  1736,  'SOMME'),
(2032,  null,  0,  1730,  1737,  'SOMME'),
(2033,  null,  1,  1732,  1737,  'SOUSTRACTION'),
(2034,  null,  0,  1729,  1738,  'SOMME'),
(2035,  null,  1,  1737,  1738,  'SOMME'),
(2036,  null,  0,  1738,  1739,  'SOMME'),
(2037,  null,  1,  1731,  1739,  'SOMME'),
(2038,  null,  0,  1732,  1740,  'SOMME'),
(2039,  null,  1,  1734,  1740,  'MULTIPLICATION'),
(2040,  null,  0,  1732,  1741,  'SOMME'),
(2041,  null,  1,  1740,  1741,  'SOUSTRACTION'),
(2042,  null,  0,  1737,  1742,  'SOMME'),
(2043,  null,  1,  1734,  1742,  'MULTIPLICATION'),
(2044,  null,  0,  1737,  1743,  'SOMME'),
(2045,  null,  1,  1742,  1743,  'SOUSTRACTION'),
(2046,  null,  0,  1732,  1744,  'SOMME'),
(2047,  null,  1,  1731,  1744,  'SOMME'),
(2126,  null,  0,  1806,  1813,  'SOMME'),
(2127,  null,  1,  1807,  1813,  'SOMME'),
(2128,  null,  0,  1808,  1814,  'SOMME'),
(2129,  null,  1,  1810,  1814,  'SOMME'),
(2130,  null,  0,  1809,  1815,  'SOMME'),
(2131,  null,  1,  1811,  1815,  'SOMME'),
(2132,  null,  0,  1816,  1817,  'SOMME'),
(2133,  1.00,  1,  null,  1817,  'SOMME'),
(2134,  1.00,  2,  null,  1817,  'INVERSE'),
(2135,  null,  0,  1814,  1818,  'SOMME'),
(2136,  null,  1,  1817,  1818,  'MULTIPLICATION'),
(2137,  null,  0,  1814,  1819,  'SOMME'),
(2138,  null,  1,  1818,  1819,  'SOUSTRACTION'),
(2139,  null,  0,  1815,  1820,  'SOMME'),
(2140,  null,  1,  1817,  1820,  'MULTIPLICATION'),
(2141,  null,  0,  1815,  1821,  'SOMME'),
(2142,  null,  1,  1820,  1821,  'SOUSTRACTION'),
(2143,  null,  0,  1815,  1822,  'SOMME'),
(2144,  null,  1,  1814,  1822,  'SOMME'),
(2145,  null,  0,  1813,  1823,  'SOMME'),
(2146,  null,  1,  1812,  1823,  'SOUSTRACTION'),
(2147,  null,  2,  1822,  1823,  'SOUSTRACTION'),
(2148,  null,  0,  1823,  1824,  'SOMME'),
(2149,  null,  1,  1817,  1824,  'MULTIPLICATION'),
(2150,  null,  0,  1823,  1825,  'SOMME'),
(2151,  null,  1,  1824,  1825,  'SOUSTRACTION'),
(2152,  null,  0,  1805,  1827,  'SOMME'),
(2153,  null,  1,  1826,  1827,  'MULTIPLICATION'),
(2154,  null,  0,  1812,  1828,  'SOMME'),
(2155,  null,  1,  1826,  1828,  'MULTIPLICATION'),
(2156,  null,  0,  1805,  1829,  'SOMME'),
(2157,  null,  1,  1813,  1829,  'SOMME'),
(2158,  null,  0,  1829,  1830,  'SOMME'),
(2159,  null,  1,  1822,  1830,  'SOUSTRACTION'),
(2160,  null,  0,  1830,  1831,  'SOMME'),
(2161,  null,  1,  1823,  1831,  'SOUSTRACTION'),
(2162,  null,  0,  1827,  1832,  'SOMME'),
(2163,  null,  1,  1828,  1832,  'SOMME'),
(2164,  null,  0,  1834,  1841,  'SOMME'),
(2165,  null,  1,  1835,  1841,  'SOMME'),
(2166,  null,  0,  1836,  1842,  'SOMME'),
(2167,  null,  1,  1838,  1842,  'SOMME'),
(2168,  null,  0,  1837,  1843,  'SOMME'),
(2169,  null,  1,  1839,  1843,  'SOMME'),
(2170,  null,  0,  1844,  1845,  'SOMME'),
(2171,  1.00,  1,  null,  1845,  'SOMME'),
(2172,  1.00,  2,  null,  1845,  'INVERSE'),
(2173,  null,  0,  1842,  1846,  'SOMME'),
(2174,  null,  1,  1845,  1846,  'MULTIPLICATION'),
(2175,  null,  0,  1842,  1847,  'SOMME'),
(2176,  null,  1,  1846,  1847,  'SOUSTRACTION'),
(2177,  null,  0,  1843,  1848,  'SOMME'),
(2178,  null,  1,  1845,  1848,  'MULTIPLICATION'),
(2179,  null,  0,  1843,  1849,  'SOMME'),
(2180,  null,  1,  1848,  1849,  'SOUSTRACTION'),
(2181,  null,  0,  1843,  1850,  'SOMME'),
(2182,  null,  1,  1842,  1850,  'SOMME'),
(2183,  null,  0,  1841,  1851,  'SOMME'),
(2184,  null,  1,  1840,  1851,  'SOUSTRACTION'),
(2185,  null,  2,  1850,  1851,  'SOUSTRACTION'),
(2186,  null,  0,  1851,  1852,  'SOMME'),
(2187,  null,  1,  1845,  1852,  'MULTIPLICATION'),
(2188,  null,  0,  1851,  1853,  'SOMME'),
(2189,  null,  1,  1852,  1853,  'SOUSTRACTION'),
(2190,  null,  0,  1833,  1855,  'SOMME'),
(2191,  null,  1,  1854,  1855,  'MULTIPLICATION'),
(2192,  null,  0,  1833,  1856,  'SOMME'),
(2193,  null,  1,  1841,  1856,  'SOMME'),
(2194,  null,  0,  1840,  1857,  'SOMME'),
(2195,  null,  1,  1854,  1857,  'MULTIPLICATION'),
(2196,  null,  0,  1856,  1858,  'SOMME'),
(2197,  null,  1,  1850,  1858,  'SOUSTRACTION'),
(2198,  null,  0,  1858,  1859,  'SOMME'),
(2199,  null,  1,  1851,  1859,  'SOUSTRACTION'),
(2200,  null,  0,  1855,  1860,  'SOMME'),
(2201,  null,  1,  1857,  1860,  'SOMME'),
(2202,  null,  0,  1855,  1862,  'SOMME'),
(2203,  null,  1,  1861,  1862,  'MULTIPLICATION'),
(2204,  null,  0,  1857,  1863,  'SOMME'),
(2205,  null,  1,  1861,  1863,  'MULTIPLICATION'),
(2206,  null,  0,  1862,  1864,  'SOMME'),
(2207,  null,  1,  1863,  1864,  'SOMME'),
(2208,  null,  0,  1871,  1872,  'SOMME'),
(2209,  1.00,  1,  null,  1872,  'SOMME'),
(2210,  1.00,  2,  null,  1872,  'INVERSE'),
(2211,  null,  0,  1868,  1873,  'SOMME'),
(2212,  null,  1,  1867,  1873,  'SOMME'),
(2213,  null,  0,  1873,  1874,  'SOMME'),
(2214,  null,  1,  1872,  1874,  'MULTIPLICATION'),
(2215,  null,  0,  1873,  1875,  'SOMME'),
(2216,  null,  1,  1874,  1875,  'SOUSTRACTION'),
(2217,  null,  0,  1869,  1876,  'SOMME'),
(2218,  null,  1,  1872,  1876,  'MULTIPLICATION'),
(2219,  null,  0,  1869,  1877,  'SOMME'),
(2220,  null,  1,  1876,  1877,  'SOUSTRACTION'),
(2221,  null,  0,  1869,  1878,  'SOMME'),
(2222,  null,  1,  1873,  1878,  'SOMME'),
(2223,  null,  0,  1866,  1879,  'SOMME'),
(2224,  null,  1,  1870,  1879,  'SOUSTRACTION'),
(2225,  null,  2,  1878,  1879,  'SOUSTRACTION'),
(2226,  null,  0,  1878,  1880,  'SOMME'),
(2227,  null,  1,  1879,  1880,  'SOMME'),
(2228,  null,  0,  1879,  1881,  'SOMME'),
(2229,  null,  1,  1872,  1881,  'MULTIPLICATION'),
(2230,  null,  0,  1879,  1882,  'SOMME'),
(2231,  null,  1,  1881,  1882,  'SOUSTRACTION'),
(2232,  null,  0,  1865,  1884,  'SOMME'),
(2233,  null,  1,  1883,  1884,  'MULTIPLICATION'),
(2234,  null,  0,  1870,  1885,  'SOMME'),
(2235,  null,  1,  1883,  1885,  'MULTIPLICATION'),
(2236,  null,  0,  1865,  1886,  'SOMME'),
(2237,  null,  1,  1866,  1886,  'SOMME'),
(2238,  null,  0,  1884,  1887,  'SOMME'),
(2239,  null,  1,  1885,  1887,  'SOMME'),
(2240,  null,  0,  1886,  1888,  'SOMME'),
(2241,  null,  1,  1873,  1888,  'SOUSTRACTION'),
(2242,  null,  0,  1886,  1889,  'SOMME'),
(2243,  null,  1,  1878,  1889,  'SOUSTRACTION'),
(2244,  null,  0,  1889,  1890,  'SOMME'),
(2245,  null,  1,  1879,  1890,  'SOUSTRACTION'),
(2246,  null,  0,  1897,  1898,  'SOMME'),
(2247,  1.00,  1,  null,  1898,  'SOMME'),
(2248,  1.00,  2,  null,  1898,  'INVERSE'),
(2249,  null,  0,  1894,  1899,  'SOMME'),
(2250,  null,  1,  1893,  1899,  'SOMME'),
(2251,  null,  0,  1899,  1900,  'SOMME'),
(2252,  null,  1,  1898,  1900,  'MULTIPLICATION'),
(2253,  null,  0,  1899,  1901,  'SOMME'),
(2254,  null,  1,  1900,  1901,  'SOUSTRACTION'),
(2255,  null,  0,  1895,  1902,  'SOMME'),
(2256,  null,  1,  1898,  1902,  'MULTIPLICATION'),
(2257,  null,  0,  1895,  1903,  'SOMME'),
(2258,  null,  1,  1902,  1903,  'SOUSTRACTION'),
(2259,  null,  0,  1895,  1904,  'SOMME'),
(2260,  null,  1,  1899,  1904,  'SOMME'),
(2261,  null,  0,  1892,  1905,  'SOMME'),
(2262,  null,  1,  1896,  1905,  'SOUSTRACTION'),
(2263,  null,  2,  1904,  1905,  'SOUSTRACTION'),
(2264,  null,  0,  1904,  1906,  'SOMME'),
(2265,  null,  1,  1905,  1906,  'SOMME'),
(2266,  null,  0,  1905,  1907,  'SOMME'),
(2267,  null,  1,  1898,  1907,  'MULTIPLICATION'),
(2268,  null,  0,  1905,  1908,  'SOMME'),
(2269,  null,  1,  1907,  1908,  'SOUSTRACTION'),
(2270,  null,  0,  1891,  1910,  'SOMME'),
(2271,  null,  1,  1909,  1910,  'MULTIPLICATION'),
(2272,  null,  0,  1891,  1911,  'SOMME'),
(2273,  null,  1,  1892,  1911,  'SOMME'),
(2274,  null,  0,  1896,  1912,  'SOMME'),
(2275,  null,  1,  1909,  1912,  'MULTIPLICATION'),
(2276,  null,  0,  1911,  1913,  'SOMME'),
(2277,  null,  1,  1899,  1913,  'SOUSTRACTION'),
(2278,  null,  0,  1911,  1914,  'SOMME'),
(2279,  null,  1,  1904,  1914,  'SOUSTRACTION'),
(2280,  null,  0,  1914,  1915,  'SOMME'),
(2281,  null,  1,  1905,  1915,  'SOUSTRACTION'),
(2282,  null,  0,  1910,  1916,  'SOMME'),
(2283,  null,  1,  1912,  1916,  'SOMME'),
(2284,  null,  0,  1910,  1918,  'SOMME'),
(2285,  null,  1,  1917,  1918,  'MULTIPLICATION'),
(2286,  null,  0,  1912,  1919,  'SOMME'),
(2287,  null,  1,  1917,  1919,  'MULTIPLICATION'),
(2288,  null,  0,  1918,  1920,  'SOMME'),
(2289,  null,  1,  1919,  1920,  'SOMME');

insert into base_montant_schema_comptable(bmsc_msc_id,bmsc_base_id) values
(1045,  1044),
(1046,  1045),
(1047,  1045),
(1048,  1045),
(1066,  1065),
(1067,  1066),
(1068,  1066),
(1069,  1066),
(1093,  1092),
(1100,  1099),
(1101,  11),
(1102,  11),
(1103,  11),
(1104,  11),
(1126,  1125),
(1127,  1126),
(1128,  1126),
(1129,  1126),
(1130,  1126),
(1227,  1226),
(1228,  1226),
(1248,  1245),
(1249,  1245),
(1270,  1267),
(1271,  1267),
(1290,  1289),
(1291,  1289),
(1292,  1289),
(1317,  1314),
(1318,  1314),
(1319,  1314),
(1345,  1342),
(1346,  1342),
(1347,  1342),
(1370,  1369),
(1388,  1387),
(1492,  1491),
(1493,  1491),
(1494,  1492),
(1506,  1505),
(1507,  1505),
(1508,  1506),
(1552,  1551),
(1553,  1552),
(1567,  1566),
(1568,  1567),
(1642,  1641),
(1646,  1645),
(1647,  1646),
(1662,  1661),
(1663,  1661),
(1664,  1661),
(1685,  1682),
(1686,  1682),
(1687,  1682),
(1709,  1706),
(1710,  1706),
(1711,  1706),
(1730,  1729),
(1731,  1729),
(1732,  173),
(1806,  1805),
(1808,  1806),
(1809,  1806),
(1810,  1807),
(1811,  1807),
(1812,  1806),
(1834,  1833),
(1836,  1834),
(1837,  1834),
(1838,  1835),
(1839,  1835),
(1840,  1834),
(1866,  1865),
(1867,  1866),
(1868,  1866),
(1869,  1866),
(1870,  1866),
(1892,  1891),
(1893,  1892),
(1894,  1892),
(1895,  1892),
(1896,  1892);

insert into cours_devise_template(cdt_id,cdt_libelle,cdt_description) values
(1000,   null, null);

insert into cours_devise(cd_id,cd_facteur,cd_cours_paratique,cd_marge,cd_cible,cd_source,cd_cdt_id) values
(1000,   1.0,   655.957,   0.0,   'XOF',   'EUR',   1000),
(1001,   1.0,   0.0015,   0.0,   'EUR',   'XOF',   1000),
(1002,   1.0,   403.213,   0.0,   'NGN',   'EUR',   1000),
(1003,   1.0,   10316.38,   0.0,   'GNF',   'EUR',   1000),
(1004,   1.0,   55.5712,   0.0,   'GMD',   'EUR',   1000),
(1005,   1.0,   5.7901,   0.0,   'GHS',   'EUR',   1000),
(1006,   1.0,   0.0638408,   0.0,   'XOF',   'GNF',   1000),
(1007,   1.0,   11.8106,   0.0,   'XOF',   'GMD',   1000),
(1008,   1.0,   1.62631,   0.0,   'XOF',   'NGN',   1000),
(1009,   1.0,   112.866,   0.0,   'XOF',   'GHS',   1000);

insert into unite_organisational(uo_id, uo_code, uo_libelle, uo_statut, uo_parent_id, uo_root_id, uo_tuo_code) values
(1000, 'SYSTEM',        'louly', 'A', null , null, 'SYSTEME'),
(1001, 'SYSTEM_XOF',    'louly XOF', 'A', 1000, 1000, 'SYSTEME_ZONE'),
(1002, 'SYSTEM_XAF',    'louly XAF', 'A', 1000, 1000, 'SYSTEME_ZONE'),
(1003, 'SYSTEM_EUR',    'louly EUR', 'A', 1000, 1000, 'SYSTEME_ZONE'),
(1004, 'SYSTEM_USD',    'louly USD', 'A', 1000, 1000, 'SYSTEME_ZONE'),
(1005, 'LOULY',          'Louly', 'A', 1001, 1000, 'PARTENAIRE_EXTERNE'),
(1010, 'ML0200000017',  'COFINA MALI', 'A', 1001, 1000, 'BANQUE'),
(1013, 'ML0400000049', 'louly MALI', 'A', 1010, 1010, 'PARTENAIRE_INTERNE'),
(1012, 'FR0300000032', 'Compagnie louly France (26)', 'A', 1003, 1000, 'COMPAGNIE'),
(1244, 'SYSTEM_NGN',    'louly NGN', 'A', 1000, 1000, 'SYSTEME_ZONE'),
(1245, 'SYSTEM_GHS',    'louly GHS', 'A', 1000, 1000, 'SYSTEME_ZONE'),
(1246, 'SYSTEM_GMD',    'louly GMD', 'A', 1000, 1000, 'SYSTEME_ZONE'),
(1059, 'CI0200000510', 'UBA COTE DIVOIRE', 'A', 1001, 1000, 'BANQUE'),
(1247, 'SYSTEM_GNF',    'louly GNF', 'A', 1000, 1000, 'SYSTEME_ZONE'),
(1056, 'ML0400000486', 'PARTENAIRE INTERNE DAOUDA SANOGO', 'A', 1010, 1010, 'PARTENAIRE_INTERNE'),
(1057, 'ML0400000494', 'PARTENAIRE INTERNE MALISPEED', 'A', 1010, 1010, 'PARTENAIRE_INTERNE'),
(1020, 'FR0600000120', 'DISTRIBUTEUR KEITA FOUSSENI', 'A', 1012, 1012, 'DISTRIBUTEUR'),
(1058, 'ML0400000502', 'ZOUMANA DEMBELE', 'A', 1010, 1010, 'PARTENAIRE_INTERNE'),
(1026, 'FR0600000187', 'DISTRIBUTEUR CISSOKO ISMAEL PAPUS', 'A', 1012, 1012, 'DISTRIBUTEUR'),
(1011, 'SN0200000027', 'UBA SENEGAL', 'A', 1001, 1000, 'BANQUE'),
(1060, 'CI0400000526', 'KhairaTransfert', 'A', 1059, 1059, 'PARTENAIRE_INTERNE'),
(1061, 'SN0400000538', 'PARTENAIRE INTERNE FATOUMATA MOUSSA BA', 'A', 1011, 1011, 'PARTENAIRE_INTERNE'),
(1286, 'SN0700002705', 'GALERIE PEYTAVIN', 'A', 1061, 1011, 'POS'),
(1269, 'SN0700002531', 'KEUR MOMAR TALLA', 'A', 1061, 1011, 'POS'),
(1270, 'SN0700002549', 'ETS YAYE NOR NIASS', 'A', 1061, 1011, 'POS'),
(1271, 'SN0700002556', 'RAMATA BUSINESS', 'A', 1061, 1011, 'POS'),
(1272, 'SN0700002564', 'ETABLISSEMENT KEUR KHADIM', 'A', 1061, 1011, 'POS'),
(1273, 'SN0700002572', 'OST DAKAR', 'A', 1061, 1011, 'POS'),
(1274, 'SN0700002580', 'AGENCE HABIB THIAM', 'A', 1061, 1011, 'POS'),
(1275, 'SN0700002598', 'LA BALEINE', 'A', 1061, 1011, 'POS'),
(1276, 'SN0700002606', 'OKAI SERVICES PLUS TRADING', 'A', 1061, 1011, 'POS'),
(1277, 'SN0700002614', 'ETS CHEIKHOUL KHADIM', 'A', 1061, 1011, 'POS'),
(1278, 'SN0700002622', 'ZANA MULTISERVICES', 'A', 1061, 1011, 'POS'),
(1279, 'SN0700002630', 'NDEYE NDIAMBOUR BUSINESS SERVICES', 'A', 1061, 1011, 'POS'),
(1280, 'SN0700002648', 'MEDINATOUL RASSOUL GROUPE', 'A', 1061, 1011, 'POS'),
(1281, 'SN0700002655', 'ESPACE SERVICES ANTA', 'A', 1061, 1011, 'POS'),
(1282, 'SN0700002663', 'DAMIR', 'A', 1061, 1011, 'POS'),
(1283, 'SN0700002671', 'AMBA SERVICES', 'A', 1061, 1011, 'POS'),
(1284, 'SN0700002689', 'ALBOURY SERVICES', 'A', 1061, 1011, 'POS'),
(1285, 'SN0700002697', 'ETS AISSATOU MBENGUE', 'A', 1061, 1011, 'POS'),
(1287, 'SN0700002713', 'ENTREPRISES PAPE OMAR FALL', 'A', 1061, 1011, 'POS'),
(1288, 'SN0700002721', 'SATOUCH', 'A', 1061, 1011, 'POS'),
(1289, 'SN0700002739', 'ETABLISSEMENT LYKMA GROUP', 'A', 1061, 1011, 'POS'),
(1290, 'SN0700002747', 'GALOYA VOYAGE', 'A', 1061, 1011, 'POS'),
(1291, 'SN0700002754', 'CABINET NDF IMMO', 'A', 1061, 1011, 'POS'),
(1211, 'SN0700001996', 'AGENCE FATIMA', 'A', 1061, 1011, 'POS'),
(1070, 'SN0700000618', 'SALOUM SOLUTION SERVICES', 'A', 1061, 1011, 'POS'),
(1046, 'SN0700000386', 'POS NOUHOU BA', 'T', 1061, 1011, 'POS'),
(1047, 'SN0700000394', 'POS PAPE SIDY DIONE', 'T', 1061, 1011, 'POS'),
(1048, 'SN0700000402', 'POS SERIGNE MBACKE SYLLA', 'T', 1061, 1011, 'POS'),
(1049, 'SN0700000410', 'POS SERIGNE NAR NDIAYE', 'T', 1061, 1011, 'POS'),
(1050, 'SN0700000428', 'POS YAYE NDEO DIOUF', 'T', 1061, 1011, 'POS'),
(1051, 'SN0700000436', 'POS YOUSSOUPHA THIANDOUME', 'T', 1061, 1011, 'POS'),
(1052, 'SN0700000444', 'POS ABOUBACRY LY', 'T', 1061, 1011, 'POS'),
(1053, 'SN0700000451', 'POS YALANE THIAW', 'T', 1061, 1011, 'POS'),
(1218, 'SN0700002069', 'DIONE ET FILS', 'T', 1061, 1011, 'POS'),
(1219, 'SN0700002077', 'NAACHI', 'T', 1061, 1011, 'POS'),
(1068, 'SN0700000592', 'AFRICA PRESTIGE FAMILY MOUSLY COUMBA DIENG- APFMCD', 'T', 1061, 1011, 'POS'),
(1069, 'SN0700000600', 'POS SY ABDOUL AZIZ', 'T', 1061, 1011, 'POS'),
(1071, 'SN0700000626', 'POS DIENG SERIGNE MBACKE', 'T', 1061, 1011, 'POS'),
(1072, 'SN0700000634', 'ETS KEUR BAMBA', 'T', 1061, 1011, 'POS'),
(1073, 'SN0700000642', 'POS MBENGUE PAPA ABDOU', 'T', 1061, 1011, 'POS'),
(1074, 'SN0700000659', 'POS WADE OMAR', 'T', 1061, 1011, 'POS'),
(1075, 'SN0700000667', 'POS FAYE ABDOU AZIZ MALICK', 'T', 1061, 1011, 'POS'),
(1076, 'SN0700000675', 'POS SECK SALIOU', 'T', 1061, 1011, 'POS'),
(1077, 'SN0700000683', 'POS FAYE ABDOU TONY', 'T', 1061, 1011, 'POS'),
(1078, 'SN0700000691', 'POS DIONGUE ABDOULAYE', 'T', 1061, 1011, 'POS'),
(1079, 'SN0700000709', 'ETABLISSEMENT MASSAMBA DIOP', 'T', 1061, 1011, 'POS'),
(1080, 'SN0700000717', 'POS SEYE CHEIKH', 'T', 1061, 1011, 'POS'),
(1081, 'SN0700000725', 'TOUBA KHEWEUL TOP ACCESSOIRES', 'T', 1061, 1011, 'POS'),
(1082, 'SN0700000733', 'POS MBAYE BABACAR', 'T', 1061, 1011, 'POS'),
(1083, 'SN0700000741', 'PLANETE IMMOBILIER - SARL', 'T', 1061, 1011, 'POS'),
(1084, 'SN0700000758', 'POS TIMERA CHEIKHNA', 'T', 1061, 1011, 'POS'),
(1220, 'SN0700002085', 'DIALLO SERVICES', 'T', 1061, 1011, 'POS'),
(1221, 'SN0700002093', 'ETS MAMAN FALL', 'T', 1061, 1011, 'POS'),
(1292, 'SN0700002762', '"2ADS (AWA ADJ DISTRIBUTION ET SERVICES)"', 'A', 1061, 1011, 'POS'),
(1238, 'FR0300002269', 'Compagnie louly France (35)', 'A', 1003, 1000, 'COMPAGNIE'),
(1293, 'SN0700002770', 'CMS MULTISERVICES PRO', 'A', 1061, 1011, 'POS'),
(1240, 'FR0600002282', 'NIANGOU MARAME', 'A', 1238, 1238, 'DISTRIBUTEUR'),
(1241, 'CI0500002299', 'Open service ', 'A', 1059, 1059, 'PARTENAIRE_INTERNE'),
(1242, 'CI0500002307', 'Mansour MBODJI', 'A', 1059, 1059, 'PARTENAIRE_INTERNE'),
(1243, 'CI0500002315', 'Africaworld Business', 'A', 1059, 1059, 'PARTENAIRE_INTERNE'),
(1248, 'FR0600002324', 'FALL BECAYE SERVICES', 'A', 1238, 1238, 'DISTRIBUTEUR'),
(1249, 'FR0600002332', 'MOCTAR KANTE', 'A', 1012, 1012, 'DISTRIBUTEUR'),
(1235, 'SN0700002234', 'ETS WAHAB DRAME', 'T', 1061, 1011, 'POS'),
(1236, 'SN0700002242', 'YAYE NDEYE MONE', 'T', 1061, 1011, 'POS'),
(1237, 'SN0700002259', 'ETS MOUSTAPHA LO', 'T', 1061, 1011, 'POS'),
(1294, 'SN0700002788', 'SMVPS SARL', 'A', 1061, 1011, 'POS'),
(1296, 'CI0700002800', 'CAISSE 1 AFRICAWORLD BUSINESS', 'A', 1243, 1059, 'POS'),
(1297, 'CI0700002818', 'CAISSE 1 AFRICAWORLD BUSINESS', 'A', 1243, 1059, 'POS'),
(1301, 'BJ0200002854', 'UBA BENIN', 'A', 1001, 1000, 'BANQUE'),
(1302, 'CI0500002885', 'ADM', 'A', 1059, 1059, 'PARTENAIRE_INTERNE'),
(1304, 'SN0500002905', 'ABOU WATTE', 'A', 1011, 1011, 'PARTENAIRE_INTERNE'),
(1307, 'SN0500002939', 'FREE 2 COM\t', 'A', 1011, 1011, 'PARTENAIRE_INTERNE'),
(1427, 'SN0700004065', 'OUSMANE AMADOU BA', 'A', 1304, 1011, 'POS'),
(1428, 'SN0700004073', 'MEDINA SANT YALL', 'A', 1304, 1011, 'POS'),
(1429, 'SN0700004081', 'GROUPE CBK3-CBK', 'A', 1304, 1011, 'POS'),
(1430, 'SN0700004099', 'DAROU SALAM SERVICES', 'A', 1304, 1011, 'POS'),
(1431, 'SN0700004107', 'BOUTIQUE ISLAM', 'A', 1304, 1011, 'POS'),
(1432, 'SN0700004115', 'MOUSTAPHA GUEYE', 'A', 1304, 1011, 'POS'),
(1433, 'SN0700004123', 'INTERNATIONALE COMMERCIALE', 'A', 1304, 1011, 'POS'),
(1434, 'SN0700004131', 'KEUR DABAKH', 'A', 1304, 1011, 'POS'),
(1435, 'SN0700004149', 'FITYANOU SIDKHINE SARL', 'A', 1304, 1011, 'POS'),
(1436, 'SN0700004156', 'PAPETERIE LE SALOUM', 'A', 1304, 1011, 'POS'),
(1437, 'SN0700004164', 'FATOU INFORMATIQUE', 'A', 1304, 1011, 'POS'),
(1438, 'SN0700004172', 'IBRAHIMA BAH', 'A', 1304, 1011, 'POS'),
(1439, 'SN0700004180', 'YAYE NDEYE GONE', 'A', 1304, 1011, 'POS'),
(1440, 'SN0700004198', 'AFRICA FAMILY', 'A', 1304, 1011, 'POS'),
(1441, 'SN0700004206', 'YAYOU KHALIFA SERVICES', 'A', 1304, 1011, 'POS'),
(1442, 'SN0700004214', 'XIDMA EXPRESS', 'A', 1304, 1011, 'POS'),
(1450, 'CI0500004303', 'louly CI', 'A', 1059, 1059, 'PARTENAIRE_INTERNE'),
(1453, 'CI0700004327', 'SUZI TELECOM', 'A', 1450, 1059, 'POS'),
(1454, 'CI0700004335', 'DIABY ENTREPRISE', 'A', 1450, 1059, 'POS'),
(1455, 'ML0700004345', 'DJIBI ELECTRONIQUE', 'A', 1013, 1010, 'POS'),
(1456, 'ML0700004352', 'LA TERANGA', 'A', 1013, 1010, 'POS'),
(1602, 'SN0700005666', 'AGENCE ABDOU LAHAD', 'A', 1304, 1011, 'POS'),
(1459, 'ML0700004378', 'MASAKAMA', 'A', 1013, 1010, 'POS'),
(1460, 'ML0700004386', 'SOUNOUGOU', 'A', 1013, 1010, 'POS'),
(1461, 'ML0700004394', 'BENKADY', 'A', 1013, 1010, 'POS'),
(1462, 'ML0700004402', 'NIASSE\tADAMA\tALIOU', 'A', 1013, 1010, 'POS'),
(1463, 'ML0700004410', 'BAH MAKY', 'A', 1013, 1010, 'POS'),
(1464, 'ML0700004428', 'ETS DABO', 'A', 1013, 1010, 'POS'),
(1465, 'ML0700004436', 'ETS COULIBALY ET FRERES', 'A', 1013, 1010, 'POS'),
(1603, 'SN0700005674', 'TOUBA NDIONENE', 'A', 1304, 1011, 'POS'),
(1506, 'SN0700004792', 'BUSINESS CENTER', 'A', 1304, 1011, 'POS'),
(1604, 'SN0700005682', 'SECK GLOBAL TRAIDING', 'A', 1304, 1011, 'POS'),
(1605, 'SN0700005690', 'TOUBA MADINA SERVICE', 'A', 1304, 1011, 'POS'),
(1486, 'SN0700004610', 'DABAKH PHONE', 'A', 1304, 1011, 'POS'),
(1615, 'SN0700005781', 'KEUR YAYOU KHALIFA', 'A', 1304, 1011, 'POS'),
(1507, 'SN0700004800', 'FILS DAICHA', 'A', 1304, 1011, 'POS'),
(1508, 'SN0700004818', 'ETS CHEIKHNA TIMERA', 'A', 1304, 1011, 'POS'),
(1498, 'SN0700004719', 'AMINA SERVICES', 'A', 1304, 1011, 'POS'),
(1501, 'SN0700004743', 'SARAFINA', 'A', 1304, 1011, 'POS'),
(1502, 'SN0700004750', 'THIEM PIENG SERVICES', 'A', 1304, 1011, 'POS'),
(1503, 'SN0700004768', 'ETS NGAGNE CISSE', 'A', 1304, 1011, 'POS'),
(1504, 'SN0700004776', 'SEN ELITE IMMO', 'A', 1304, 1011, 'POS'),
(1505, 'SN0700004784', 'DABAKH PHONE', 'A', 1304, 1011, 'POS'),
(1509, 'SN0700004826', 'ETS BABOYE', 'A', 1304, 1011, 'POS'),
(1510, 'SN0700004834', 'SERACO', 'A', 1304, 1011, 'POS'),
(1511, 'SN0700004842', 'AGENCE DANFA ENTREPRISE A.D.E', 'A', 1304, 1011, 'POS'),
(1512, 'SN0700004859', 'ETS THIERNO SAIDOU KA', 'A', 1304, 1011, 'POS'),
(1513, 'SN0700004867', 'FALL ABDOU', 'A', 1304, 1011, 'POS'),
(1514, 'SN0700004875', 'SALI ECHE', 'A', 1304, 1011, 'POS'),
(1515, 'SN0700004883', 'AMINA SERVICES', 'A', 1304, 1011, 'POS'),
(1223, 'SN0700002119', 'FAST FOOD', 'T', 1061, 1011, 'POS'),
(1208, 'SN0700001962', 'SALI ECHE', 'T', 1061, 1011, 'POS'),
(1209, 'SN0700001970', 'BREIZH', 'T', 1061, 1011, 'POS'),
(1210, 'SN0700001988', 'BAMBAJI COMMUNICATION', 'T', 1061, 1011, 'POS'),
(1213, 'SN0700002010', 'ETS YAYE NGONE', 'T', 1061, 1011, 'POS'),
(1214, 'SN0700002028', 'NAUTAVAC', 'T', 1061, 1011, 'POS'),
(1215, 'SN0700002036', 'DIEYE MULTISERVICES', 'T', 1061, 1011, 'POS'),
(1216, 'SN0700002044', 'ALOHA', 'T', 1061, 1011, 'POS'),
(1217, 'SN0700002051', 'IBRAHIMA LY', 'T', 1061, 1011, 'POS'),
(1224, 'SN0700002127', 'NDINDI MULTISERVICES', 'T', 1061, 1011, 'POS'),
(1225, 'SN0700002135', 'SANT SERIGNE SALIOU', 'T', 1061, 1011, 'POS'),
(1226, 'SN0700002143', 'TOP MOBILE MULTISERVICES', 'T', 1061, 1011, 'POS'),
(1227, 'SN0700002150', 'KEURGUI KHEWEUL', 'T', 1061, 1011, 'POS'),
(1228, 'SN0700002168', 'NENE MULTISERVICES', 'T', 1061, 1011, 'POS'),
(1229, 'SN0700002176', 'DAROU SALAM SERVICES', 'T', 1061, 1011, 'POS'),
(1230, 'SN0700002184', 'AL KITAB SERVICES', 'T', 1061, 1011, 'POS'),
(1231, 'SN0700002192', 'BASSIROU DIAKHAT', 'T', 1061, 1011, 'POS'),
(1232, 'SN0700002200', 'SEN ELITE IMMO', 'T', 1061, 1011, 'POS'),
(1233, 'SN0700002218', 'THIEM PIENG SERVICES', 'T', 1061, 1011, 'POS'),
(1234, 'SN0700002226', 'ETS NGAGNE CISSE', 'T', 1061, 1011, 'POS'),
(1212, 'SN0700002002', 'ETS ABDOU', 'A', 1061, 1011, 'POS'),
(1298, 'FR0600002829', 'POS ALASSANE KEITA', 'A', 1012, 1012, 'DISTRIBUTEUR'),
(1299, 'FR0600002837', 'POS BADARA DIENE', 'A', 1012, 1012, 'DISTRIBUTEUR'),
(1303, 'BJ0500002899', 'Nautilus technology SARL', 'A', 1301, 1301, 'PARTENAIRE_INTERNE'),
(1306, 'SN0700002929', 'SYLLA SERVICE', 'A', 1304, 1011, 'POS'),
(1309, 'SN0700002952', 'LOYENNE GLOBAL SERVICE', 'A', 1304, 1011, 'POS'),
(1310, 'SN0700002960', 'MBACKE KADIOR', 'A', 1304, 1011, 'POS'),
(1311, 'SN0700002978', 'AGENCE KEUR SERIGNE MODOU', 'A', 1304, 1011, 'POS'),
(1312, 'SN0700002986', 'BOUTIQUE ORIGINAL', 'A', 1304, 1011, 'POS'),
(1313, 'SN0700002994', 'PHARMACIE SERIGNE MODOU', 'A', 1304, 1011, 'POS'),
(1314, 'SN0700003000', 'FALLENE MULTISERVICE', 'A', 1304, 1011, 'POS'),
(1315, 'SN0700003018', 'DIAW INFO', 'A', 1304, 1011, 'POS'),
(1316, 'SN0700003026', 'FAA IKHALL MAKHISS', 'A', 1304, 1011, 'POS'),
(1317, 'SN0700003034', 'ETS BARA SECK', 'A', 1304, 1011, 'POS'),
(1318, 'SN0700003042', 'NGABOU TRANSFERT', 'A', 1304, 1011, 'POS'),
(1319, 'SN0700003059', 'WAKEUR MAME CHEIKH ANTA', 'A', 1304, 1011, 'POS'),
(1320, 'SN0700003067', 'MAME DIARRA SENE', 'A', 1304, 1011, 'POS'),
(1321, 'SN0700003075', 'ETS BASSIROU DIAGNE', 'A', 1304, 1011, 'POS'),
(1322, 'SN0700003083', 'MULTISERVICE WAKEUR BOROM NDIGAL', 'A', 1304, 1011, 'POS'),
(1323, 'SN0700003091', 'SOPE SERIGNE MASSAMBA', 'A', 1304, 1011, 'POS'),
(1324, 'SN0700003109', 'MALICK BUSINESS CENTER', 'A', 1304, 1011, 'POS'),
(1325, 'SN0700003117', 'DAROU MINAME SERVICE', 'A', 1304, 1011, 'POS'),
(1326, 'SN0700003125', 'DAROU SALAM(CHEIKH NDOYE)', 'A', 1304, 1011, 'POS'),
(1327, 'SN0700003133', 'QUINCALLERIE BOROM MADINA', 'A', 1304, 1011, 'POS'),
(1328, 'SN0700003141', 'QUINCALLERIE 18 SAFAR', 'A', 1304, 1011, 'POS'),
(1329, 'SN0700003158', 'CYBER  PAPA MODOU FALL', 'A', 1304, 1011, 'POS'),
(1330, 'SN0700003166', 'DIANG MULTISERVICE', 'A', 1304, 1011, 'POS'),
(1331, 'SN0700003174', 'TIMA-SERVICES', 'A', 1304, 1011, 'POS'),
(1332, 'SN0700003182', 'TDS TELECOM', 'A', 1304, 1011, 'POS'),
(1443, 'SN0700004222', 'ESPACE GSM', 'A', 1307, 1011, 'POS'),
(1444, 'SN0700004230', 'ESPACE GSM', 'A', 1307, 1011, 'POS'),
(1445, 'SN0700004248', 'ESPACE GSM', 'A', 1307, 1011, 'POS'),
(1446, 'SN0700004255', 'ESPACE GSM', 'A', 1307, 1011, 'POS'),
(1447, 'SN0700004263', 'ESPACE GSM', 'A', 1307, 1011, 'POS'),
(1469, 'ML0700004477', 'BENGALY SERVICE', 'A', 1013, 1010, 'POS'),
(1466, 'ML0700004444', 'ABKAD', 'A', 1013, 1010, 'POS'),
(1467, 'ML0700004451', 'DBC', 'A', 1013, 1010, 'POS'),
(1468, 'ML0700004469', 'DTASCES', 'A', 1013, 1010, 'POS'),
(1470, 'ML0700004485', 'TENDANCE ELECTRONIQUE', 'A', 1013, 1010, 'POS'),
(1471, 'ML0700004493', 'FRIPERIE KONE', 'A', 1013, 1010, 'POS'),
(1472, 'ML0700004501', 'ABOUBACR AHMADOUN', 'A', 1013, 1010, 'POS'),
(1473, 'ML0700004519', 'AGENCE DTS', 'A', 1013, 1010, 'POS'),
(1474, 'ML0700004527', 'NIAM SERVICES', 'A', 1013, 1010, 'POS'),
(1475, 'ML0700004535', 'TOGO ELECTRONIQUE', 'A', 1013, 1010, 'POS'),
(1499, 'SN0700004727', 'SARAFINA', 'A', 1304, 1011, 'POS'),
(1516, 'SN0700004891', 'NABYLAYE ISSA', 'A', 1304, 1011, 'POS'),
(1517, 'SN0700004909', 'TALIBE BAYE NIASSE', 'A', 1304, 1011, 'POS'),
(1518, 'SN0700004917', 'DAROU SALAM DIOUF & FRERES', 'A', 1304, 1011, 'POS'),
(1519, 'CI0500004923', 'MAYA COMMUNICATION\t', 'A', 1059, 1059, 'PARTENAIRE_INTERNE'),
(1520, 'CI0700004939', 'SYAYA', 'A', 1450, 1059, 'POS'),
(1521, 'CI0700004947', 'ENTREPRISE FAGAMADE', 'A', 1450, 1059, 'POS'),
(1522, 'CI0700004954', 'KADIO MARIE CLAIRE', 'A', 1450, 1059, 'POS'),
(1523, 'BF0200004966', 'CORIS BANK', 'A', 1001, 1000, 'BANQUE'),
(1524, 'BF0500004971', 'ITS', 'A', 1523, 1523, 'PARTENAIRE_INTERNE'),
(1525, 'ML0500004982', 'ETS SANGARE', 'A', 1010, 1010, 'PARTENAIRE_INTERNE'),
(1526, 'CI0500004998', 'KOFFI CHARLES RODRIGUE', 'A', 1059, 1059, 'PARTENAIRE_INTERNE'),
(1527, 'CI0500005003', 'OYEGBILE SAMU SINO', 'A', 1059, 1059, 'PARTENAIRE_INTERNE'),
(1529, 'BF0700005026', 'SUMMITS SARL', 'A', 1524, 1523, 'POS'),
(1608, 'SN0700005716', 'TOUBA MADINA', 'A', 1304, 1011, 'POS'),
(1609, 'SN0700005724', 'TOUBA BELEL CHEIKH DIAKHATE', 'A', 1304, 1011, 'POS'),
(1610, 'SN0700005732', 'NDIASSENE', 'A', 1304, 1011, 'POS'),
(1611, 'SN0700005740', 'AGENCE MAME DIARRA', 'A', 1304, 1011, 'POS'),
(1612, 'SN0700005757', 'AGENCE FATOU SENE', 'A', 1304, 1011, 'POS'),
(1613, 'SN0700005765', 'KHADIM RASSOUL TRANSFERT', 'A', 1304, 1011, 'POS'),
(1616, 'CI0700005795', 'POS YEO', 'A', 1526, 1059, 'POS'),
(1617, 'CI0700005803', 'POS KOUAME', 'A', 1526, 1059, 'POS'),
(1618, 'SN0700005815', 'ETS NDEYE MATY DIOP', 'A', 1304, 1011, 'POS'),
(1614, 'SN0700005773', 'ETS KEUR KHADIM2', 'A', 1304, 1011, 'POS'),
(1619, 'BJ0700005825', 'MACHADOO BUSINESS CENTER', 'A', 1303, 1301, 'POS'),
(1620, 'BJ0700005833', 'TRANSACTION EXPRESS', 'A', 1303, 1301, 'POS'),
(1538, 'BJ0700005098', 'FREEI', 'A', 1303, 1301, 'POS'),
(1539, 'BJ0700005106', 'NGABUSINESSINTER', 'A', 1303, 1301, 'POS'),
(1540, 'BJ0700005114', 'CHEZTOISERVICES', 'A', 1303, 1301, 'POS'),
(1621, 'BJ0700005841', 'HOUENOUMANDIN', 'A', 1303, 1301, 'POS'),
(1622, 'BJ0700005858', 'HMD GROUP SARL', 'A', 1303, 1301, 'POS'),
(1544, 'BF0700005158', 'SUMMITSARL', 'A', 1524, 1523, 'POS'),
(1623, 'BJ0700005866', 'ETS MAGNIFICAT ROSA', 'A', 1303, 1301, 'POS'),
(1624, 'BJ0700005874', 'TIMS SERVICES', 'A', 1303, 1301, 'POS'),
(1551, 'BJ0700005205', 'MSDA SERVICES', 'A', 1303, 1301, 'POS'),
(1552, 'BJ0700005213', 'VIBA PLUS', 'A', 1303, 1301, 'POS'),
(1553, 'BJ0700005221', 'JRL MONDE', 'A', 1303, 1301, 'POS'),
(1554, 'CI0700005233', 'AMIS PLUS SERVICES', 'A', 1526, 1059, 'POS'),
(1555, 'CI0700005241', 'ETS YOUGONE', 'A', 1526, 1059, 'POS'),
(1556, 'SN0700005252', 'AL AMINE MULTISERVICES', 'A', 1304, 1011, 'POS'),
(1557, 'SN0700005260', 'YAYOU KHALIFA SERVICES', 'A', 1304, 1011, 'POS'),
(1558, 'SN0700005278', 'POLYTECH BUSINESS', 'A', 1304, 1011, 'POS'),
(1559, 'SN0700005286', 'ETS MBERY NDIAYE', 'A', 1304, 1011, 'POS');

insert into uo_cours_devise_template(ucdt_cdt_id,ucdt_uo_id) values
(1000,   1000);

insert into zone_monetaire(zm_code,zm_libelle,zm_dev_code,zm_uo_id) values
('XAF',  'CEMAC',  'XAF',  1002),
('XOF',  'UEMOA',  'XOF',  1001),
('EUR',  'EURO',  'EUR',  1003),
('USD',  'US DOLLAR',  'USD',  1004),
('NGN',  'NAIRA',  'NGN',  1244),
('GHS',  'CEDI',  'GHS',  1245),
('GMD',  'DALASI',  'GMD',  1246),
('GNF',  'FRANC GUINEEN',  'GNF',  1247);

insert into pays(ps_code,ps_indicatif,ps_libelle,ps_statut,ps_zm_code) values
('SN',	'221',	'SENEGAL',				'A',	'XOF'),
('ML',	'223',	'MALI',					'A',	'XOF'),
('CI',	'225',	'COTE DIVOIRE',		    'A',	'XOF'),
('BF',	'226',	'BURKINA FASO',			'A',	'XOF'),
('BJ',	'229',	'BENIN',				'A',	'XOF'),
('TG',	'228',	'TOGO',					'A',	'XOF'),
('GW',	'245',	'GUINEE BISSAU',		'A',	'XOF'),
('NE',	'227',	'NIGER',				'A',	'XOF'),
('NG',	'234',	'NIGERIA',				'A',	'NGN'),
('GH',	'233',	'GHANA',				'A',	'GHS'),
('GM',	'220',	'GAMBIE',				'A',	'GMD'),
('GN',	'224',	'GUINEE CONAKRY',		'A',	'GNF'),
('FR',	'33',	'FRANCE',				'A',	'EUR');


insert into uo_pays(uop_uo_id,uop_ps_code) values
(1010,'ML'),
(1012,'FR'),
(1005,'SN'),
(1011,'SN'),
(1059,'CI'),
(1238,'FR'),
(1301,'BJ'),
(1523,'BF');


insert into compte(cmp_id,cmp_dernier_mouvement,cmp_max_solde,cmp_min_solde,cmp_solde,cmp_uo_id,cmp_tc_code) values
(1560,  null,  null,  null,  0.00,  1269,  'OPERATION'),
(1000,  null,  null,  null,  0.00,  1004,  'OPERATION'),
(1001,  null,  null,  null,  0.00,  1003,  'OPERATION'),
(1002,  null,  null,  null,  0.00,  1002,  'OPERATION'),
(1003,  null,  null,  null,  0.00,  1001,  'OPERATION'),
(1567,  '2019-06-04 09:35:48.363',null  ,null  ,  -844986.00,  1272,  'COURANT'),
(1008,  null,  null,  null,  0.00,  1004,  'TIERS'),
(1010,  null,  null,  null,  0.00,  1002,  'TIERS'),
(1924,  null,  null,  null,  0.00,  1450,  'OPERATION'),
(1012,  null,  null,  null,  0.00,  1004,  'ATTENTE'),
(1014,  null,  null,  null,  0.00,  1002,  'ATTENTE'),
(1925,  '2019-06-01 16:22:18.848',null  ,null  ,  -84656.00,  1450,  'TIERS'),
(1016,  null,  null,  null,  0.00,  1011,  'OPERATION'),
(1017,  null,  null,  null,  0.00,  1010,  'OPERATION'),
(1500,  null,  null,  null,  0.00,  1237,  'OPERATION'),
(1022,  null,  null,  null,  0.00,  1012,  'OPERATION'),
(1025,  null,  null,  null,  0.00,  1005,  'OPERATION'),
(1028,  null,  null,  null,  0.00,  1013,  'OPERATION'),
(1030,  null,  null,  null,  0.00,  1013,  'COURANT'),
(1032,  null,  null,  null,  0.00,  1013,  'TIERS'),
(1004,  null,  1000000000000.00,null  ,  0.00,  1004,  'COMPENSE'),
(1501,  null,  null,  null,  0.00,  1237,  'COURANT'),
(1006,  null,  1000000000000.00,  null,  0.00,  1002,  'COMPENSE'),
(1511,  '2019-05-28 16:15:56.677',null  ,null  ,  -25000.00,  1241,  'COURANT'),
(1509,  null,  null,  null,  0.00,  1241,  'OPERATION'),
(1510,  null,  null,  null,  0.00,  1241,  'TIERS'),
(1516,  '2019-05-22 11:07:50.630',null  ,null  ,  -2973.00,  1243,  'TIERS'),
(1021,  '2019-05-20 22:28:55.857',null  ,null  ,  -466.00,  1010,  'TIERS'),
(1517,  '2019-05-22 11:07:50.630',null  ,null  ,  -8964.00,  1243,  'COURANT'),
(1561,  '2019-05-31 16:18:41.388',null  ,null  ,  -412.00,  1269,  'COURANT'),
(1066,  null,  null,  null,  0.00,  1020,  'OPERATION'),
(1639,  '2019-06-04 09:29:53.567',null  ,null  ,  -5637.00,  1307,  'COURANT'),
(1565,  '2019-06-01 21:42:01.606',null  ,null  ,  -14210.00,  1271,  'COURANT'),
(1512,  null,  null,  null,  0.00,  1242,  'OPERATION'),
(1020,  '2019-06-04 11:42:43.998',null  ,null  ,  -10820661.00,  1011,  'TIERS'),
(1513,  null,  null,  null,  0.00,  1242,  'TIERS'),
(1926,  '2019-06-01 16:22:18.848',null  ,null  ,  -30.00,  1450,  'COURANT'),
(1515,  null,  null,  null,  0.00,  1243,  'OPERATION'),
(1562,  null,  null,  null,  0.00,  1270,  'OPERATION'),
(1563,  null,  null,  null,  0.00,  1270,  'COURANT'),
(1077,  null,  null,  null,  0.00,  1026,  'OPERATION'),
(1564,  null,  null,  null,  0.00,  1271,  'OPERATION'),
(1078,  '2019-05-04 11:49:45.444',  0.00, null,  -49.09,  1026,  'COURANT'),
(1013,  '2019-04-03 21:44:28.526',null  ,null  ,  -3.45,  1003,  'ATTENTE'),
(1566,  null,  null,  null,  0.00,  1272,  'OPERATION'),
(1568,  null,  null,  null,  0.00,  1273,  'OPERATION'),
(1569,  null,  null,  null,  0.00,  1273,  'COURANT'),
(1570,  null,  null,  null,  0.00,  1274,  'OPERATION'),
(1571,  null,  null,  null,  0.00,  1274,  'COURANT'),
(1572,  null,  null,  null,  0.00,  1275,  'OPERATION'),
(1573,  null,  null,  null,  0.00,  1275,  'COURANT'),
(1574,  null,  null,  null,  0.00,  1276,  'OPERATION'),
(1575,  null,  null,  null,  0.00,  1276,  'COURANT'),
(1576,  null,  null,  null,  0.00,  1277,  'OPERATION'),
(1114,  null,  null,  null,  0.00,  1046,  'OPERATION'),
(1115,  null,  null,  null,  0.00,  1046,  'COURANT'),
(1116,  null,  null,  null,  0.00,  1047,  'OPERATION'),
(1117,  null,  null,  null,  0.00,  1047,  'COURANT'),
(1118,  null,  null,  null,  0.00,  1048,  'OPERATION'),
(1119,  null,  null,  null,  0.00,  1048,  'COURANT'),
(1120,  null,  null,  null,  0.00,  1049,  'OPERATION'),
(1121,  null,  null,  null,  0.00,  1049,  'COURANT'),
(1577,  null,  null,  null,  0.00,  1277,  'COURANT'),
(1578,  null,  null,  null,  0.00,  1278,  'OPERATION'),
(1579,  null,  null,  null,  0.00,  1278,  'COURANT'),
(1580,  null,  null,  null,  0.00,  1279,  'OPERATION'),
(1582,  null,  null,  null,  0.00,  1280,  'OPERATION'),
(1584,  null,  null,  null,  0.00,  1281,  'OPERATION'),
(1585,  null,  null,  null,  0.00,  1281,  'COURANT'),
(1586,  null,  null,  null,  0.00,  1282,  'OPERATION'),
(1587,  null,  null,  null,  0.00,  1282,  'COURANT'),
(1588,  null,  null,  null,  0.00,  1283,  'OPERATION'),
(1589,  null,  null,  null,  0.00,  1283,  'COURANT'),
(1590,  null,  null,  null,  0.00,  1284,  'OPERATION'),
(1591,  null,  null,  null,  0.00,  1284,  'COURANT'),
(1592,  null,  null,  null,  0.00,  1285,  'OPERATION'),
(1593,  null,  null,  null,  0.00,  1285,  'COURANT'),
(1594,  null,  null,  null,  0.00,  1286,  'OPERATION'),
(1595,  null,  null,  null,  0.00,  1286,  'COURANT'),
(1596,  null,  null,  null,  0.00,  1287,  'OPERATION'),
(1597,  null,  null,  null,  0.00,  1287,  'COURANT'),
(1598,  null,  null,  null,  0.00,  1288,  'OPERATION'),
(1599,  null,  null,  null,  0.00,  1288,  'COURANT'),
(1600,  null,  null,  null,  0.00,  1289,  'OPERATION'),
(1601,  null,  null,  null,  0.00,  1289,  'COURANT'),
(1602,  null,  null,  null,  0.00,  1290,  'OPERATION'),
(1603,  null,  null,  null,  0.00,  1290,  'COURANT'),
(1604,  null,  null,  null,  0.00,  1291,  'OPERATION'),
(1605,  null,  null,  null,  0.00,  1291,  'COURANT'),
(1606,  null,  null,  null,  0.00,  1292,  'OPERATION'),
(1607,  null,  null,  null,  0.00,  1292,  'COURANT'),
(1608,  null,  null,  null,  0.00,  1293,  'OPERATION'),
(1609,  null,  null,  null,  0.00,  1293,  'COURANT'),
(1610,  null,  null,  null,  0.00,  1294,  'OPERATION'),
(1611,  null,  null,  null,  0.00,  1294,  'COURANT'),
(1521,  '2019-05-30 11:16:34.883',null  ,null  ,  -0.75,  1249,  'COURANT'),
(1622,  '2019-05-27 15:05:58.612',null  ,null  ,  -13884.00,  1301,  'TIERS'),
(1621,  null,  null,  null,  0.00,  1301,  'OPERATION'),
(1449,  '2019-06-04 08:41:14.999',null  ,null  ,  -193076.00,  1211,  'COURANT'),
(1453,  '2019-05-27 16:47:01.243',null  ,null  ,  -466.00,  1213,  'COURANT'),
(1638,  '2019-06-04 09:29:53.567',null  ,null  ,  -826206.00,  1307,  'TIERS'),
(1504,  '2019-05-05 13:50:14.774',null  ,null  ,  -936.73,  1238,  'TIERS'),
(1626,  '2019-06-04 07:28:05.083',null  ,null  ,  -71607.00,  1302,  'COURANT'),
(1630,  null,  null,  null,  0.00,  1304,  'OPERATION'),
(1624,  null,  null,  null,  0.00,  1302,  'OPERATION'),
(1614,  null,  null,  null,  0.00,  1296,  'OPERATION'),
(1615,  null,  null,  null,  0.00,  1297,  'COURANT'),
(1616,  null,  null,  null,  0.00,  1297,  'OPERATION'),
(1625,  null,  null,  null,  0.00,  1302,  'TIERS'),
(1023,  '2019-05-30 11:16:34.690',  80000000000.00,  null,  8224.39,  1012,  'COURANT'),
(1442,  null,  null,  null,  0.00,  1208,  'OPERATION'),
(1443,  null,  null,  null,  0.00,  1208,  'COURANT'),
(1444,  null,  null,  null,  0.00,  1209,  'OPERATION'),
(1445,  null,  null,  null,  0.00,  1209,  'COURANT'),
(1446,  null,  null,  null,  0.00,  1210,  'OPERATION'),
(1447,  null,  null,  null,  0.00,  1210,  'COURANT'),
(1448,  null,  null,  null,  0.00,  1211,  'OPERATION'),
(1450,  null,  null,  null,  0.00,  1212,  'OPERATION'),
(1451,  null,  null,  null,  0.00,  1212,  'COURANT'),
(1452,  null,  null,  null,  0.00,  1213,  'OPERATION'),
(1454,  null,  null,  null,  0.00,  1214,  'OPERATION'),
(1455,  null,  null,  null,  0.00,  1214,  'COURANT'),
(1456,  null,  null,  null,  0.00,  1215,  'OPERATION'),
(1457,  null,  null,  null,  0.00,  1215,  'COURANT'),
(1458,  null,  null,  null,  0.00,  1216,  'OPERATION'),
(1459,  null,  null,  null,  0.00,  1216,  'COURANT'),
(1460,  null,  null,  null,  0.00,  1217,  'OPERATION'),
(1461,  null,  null,  null,  0.00,  1217,  'COURANT'),
(1462,  null,  null,  null,  0.00,  1218,  'OPERATION'),
(1463,  null,  null,  null,  0.00,  1218,  'COURANT'),
(1464,  null,  null,  null,  0.00,  1219,  'OPERATION'),
(1465,  null,  null,  null,  0.00,  1219,  'COURANT'),
(1466,  null,  null,  null,  0.00,  1220,  'OPERATION'),
(1467,  null,  null,  null,  0.00,  1220,  'COURANT'),
(1468,  null,  null,  null,  0.00,  1221,  'OPERATION'),
(1469,  null,  null,  null,  0.00,  1221,  'COURANT'),
(1472,  null,  null,  null,  0.00,  1223,  'OPERATION'),
(1473,  null,  null,  null,  0.00,  1223,  'COURANT'),
(1474,  null,  null,  null,  0.00,  1224,  'OPERATION'),
(1475,  null,  null,  null,  0.00,  1224,  'COURANT'),
(1476,  null,  null,  null,  0.00,  1225,  'OPERATION'),
(1477,  null,  null,  null,  0.00,  1225,  'COURANT'),
(1478,  null,  null,  null,  0.00,  1226,  'OPERATION'),
(1479,  null,  null,  null,  0.00,  1226,  'COURANT'),
(1480,  null,  null,  null,  0.00,  1227,  'OPERATION'),
(1481,  null,  null,  null,  0.00,  1227,  'COURANT'),
(1482,  null,  null,  null,  0.00,  1228,  'OPERATION'),
(1483,  null,  null,  null,  0.00,  1228,  'COURANT'),
(1484,  null,  null,  null,  0.00,  1229,  'OPERATION'),
(1485,  null,  null,  null,  0.00,  1229,  'COURANT'),
(1486,  null,  null,  null,  0.00,  1230,  'OPERATION'),
(1487,  null,  null,  null,  0.00,  1230,  'COURANT'),
(1488,  null,  null,  null,  0.00,  1231,  'OPERATION'),
(1489,  null,  null,  null,  0.00,  1231,  'COURANT'),
(1490,  null,  null,  null,  0.00,  1232,  'OPERATION'),
(1491,  null,  null,  null,  0.00,  1232,  'COURANT'),
(1492,  null,  null,  null,  0.00,  1233,  'OPERATION'),
(1493,  null,  null,  null,  0.00,  1233,  'COURANT'),
(1494,  null,  null,  null,  0.00,  1234,  'OPERATION'),
(1495,  null,  null,  null,  0.00,  1234,  'COURANT'),
(1496,  null,  null,  null,  0.00,  1235,  'OPERATION'),
(1497,  null,  null,  null,  0.00,  1235,  'COURANT'),
(1498,  null,  null,  null,  0.00,  1236,  'OPERATION'),
(1499,  null,  null,  null,  0.00,  1236,  'COURANT'),
(1502,  null,  null,  null,  0.00,  1238,  'OPERATION'),
(1631,  '2019-06-04 11:42:43.988',null  ,null  ,  -2676881.00,  1304,  'TIERS'),
(1015,  '2019-06-04 11:42:43.998',null  ,null  ,  -525.00,  1001,  'ATTENTE'),
(1518,  null,  null,  null,  0.00,  1248,  'COURANT'),
(1519,  null,  null,  null,  0.00,  1248,  'OPERATION'),
(1520,  null,  null,  null,  0.00,  1249,  'OPERATION'),
(1958,  null,  null,  null,  0.00,  1466,  'OPERATION'),
(1637,  null,  null,  null,  0.00,  1307,  'OPERATION'),
(1009,  '2019-05-30 11:16:34.690',null  ,null  ,  6763.76,  1003,  'TIERS'),
(1959,  null,  null,  null,  0.00,  1466,  'COURANT'),
(1960,  null,  null,  null,  0.00,  1467,  'OPERATION'),
(1961,  null,  null,  null,  0.00,  1467,  'COURANT'),
(1122,  null,  null,  null,  0.00,  1050,  'OPERATION'),
(1123,  null,  null,  null,  0.00,  1050,  'COURANT'),
(1124,  null,  null,  null,  0.00,  1051,  'OPERATION'),
(1125,  null,  null,  null,  0.00,  1051,  'COURANT'),
(1126,  null,  null,  null,  0.00,  1052,  'OPERATION'),
(1127,  null,  null,  null,  0.00,  1052,  'COURANT'),
(1128,  null,  null,  null,  0.00,  1053,  'OPERATION'),
(1129,  null,  null,  null,  0.00,  1053,  'COURANT'),
(1132,  null,  null,  null,  0.00,  1056,  'OPERATION'),
(1133,  null,  null,  null,  0.00,  1056,  'TIERS'),
(1135,  null,  null,  null,  0.00,  1057,  'OPERATION'),
(1136,  null,  null,  null,  0.00,  1057,  'TIERS'),
(1137,  null,  null,  null,  0.00,  1057,  'COURANT'),
(1138,  null,  null,  null,  0.00,  1058,  'OPERATION'),
(1139,  null,  null,  null,  0.00,  1058,  'TIERS'),
(1140,  null,  null,  null,  0.00,  1058,  'COURANT'),
(1628,  '2019-05-27 15:05:58.606',null  ,null  ,  -5026.00,  1303,  'TIERS'),
(1142,  null,  null,  null,  0.00,  1059,  'OPERATION'),
(1145,  null,  null,  null,  0.00,  1060,  'OPERATION'),
(1146,  null,  null,  null,  0.00,  1060,  'TIERS'),
(1148,  null,  null,  null,  0.00,  1061,  'OPERATION'),
(1629,  '2019-05-27 15:05:58.606',null  ,null  ,  -8858.00,  1303,  'COURANT'),
(1065,  '2019-05-07 20:49:04.191',  200.00,  null,  -473.26,  1020,  'COURANT'),
(1507,  null,  null,  null,  0.00,  1240,  'OPERATION'),
(1144,  '2019-06-03 20:09:42.938',null  ,null  ,  -1245542.00,  1060,  'COURANT'),
(1508,  '2019-05-05 13:50:14.755',null  ,null  ,  -936.73,  1240,  'COURANT'),
(1134,  '2019-05-20 22:28:55.718',null  ,null  ,  -466.00,  1056,  'COURANT'),
(1166,  '2019-05-31 20:21:18.437',null  ,null  ,  -96734.00,  1070,  'COURANT'),
(1149,  '2019-06-04 09:35:48.366',null  ,null  ,  -1269550.00,  1061,  'TIERS'),
(1162,  null,  null,  null,  0.00,  1068,  'COURANT'),
(1163,  null,  null,  null,  0.00,  1068,  'OPERATION'),
(1164,  null,  null,  null,  0.00,  1069,  'COURANT'),
(1165,  null,  null,  null,  0.00,  1069,  'OPERATION'),
(1167,  null,  null,  null,  0.00,  1070,  'OPERATION'),
(1168,  null,  null,  null,  0.00,  1071,  'COURANT'),
(1169,  null,  null,  null,  0.00,  1071,  'OPERATION'),
(1170,  null,  null,  null,  0.00,  1072,  'COURANT'),
(1171,  null,  null,  null,  0.00,  1072,  'OPERATION'),
(1172,  null,  null,  null,  0.00,  1073,  'COURANT'),
(1173,  null,  null,  null,  0.00,  1073,  'OPERATION'),
(1174,  null,  null,  null,  0.00,  1074,  'COURANT'),
(1175,  null,  null,  null,  0.00,  1074,  'OPERATION'),
(1176,  null,  null,  null,  0.00,  1075,  'COURANT'),
(1177,  null,  null,  null,  0.00,  1075,  'OPERATION'),
(1178,  null,  null,  null,  0.00,  1076,  'COURANT'),
(1179,  null,  null,  null,  0.00,  1076,  'OPERATION'),
(1180,  null,  null,  null,  0.00,  1077,  'COURANT'),
(1181,  null,  null,  null,  0.00,  1077,  'OPERATION'),
(1182,  null,  null,  null,  0.00,  1078,  'COURANT'),
(1183,  null,  null,  null,  0.00,  1078,  'OPERATION'),
(1184,  null,  null,  null,  0.00,  1079,  'COURANT'),
(1185,  null,  null,  null,  0.00,  1079,  'OPERATION'),
(1186,  null,  null,  null,  0.00,  1080,  'COURANT'),
(1187,  null,  null,  null,  0.00,  1080,  'OPERATION'),
(1188,  null,  null,  null,  0.00,  1081,  'COURANT'),
(1189,  null,  null,  null,  0.00,  1081,  'OPERATION'),
(1190,  null,  null,  null,  0.00,  1082,  'COURANT'),
(1191,  null,  null,  null,  0.00,  1082,  'OPERATION'),
(1192,  null,  null,  null,  0.00,  1083,  'COURANT'),
(1193,  null,  null,  null,  0.00,  1083,  'OPERATION'),
(1194,  null,  null,  null,  0.00,  1084,  'COURANT'),
(1195,  null,  null,  null,  0.00,  1084,  'OPERATION'),
(1655,  '2019-05-15 13:22:24.618',null  ,null  ,  -1676.00,  1315,  'COURANT'),
(1931,  null,  null,  null,  0.00,  1453,  'OPERATION'),
(1932,  null,  null,  null,  0.00,  1453,  'COURANT'),
(1933,  null,  null,  null,  0.00,  1454,  'OPERATION'),
(1934,  null,  null,  null,  0.00,  1454,  'COURANT'),
(1147,  '2019-06-04 09:35:48.366',null  ,null  ,  -6025155.00,  1061,  'COURANT'),
(1962,  null,  null,  null,  0.00,  1468,  'OPERATION'),
(1963,  null,  null,  null,  0.00,  1468,  'COURANT'),
(1964,  null,  null,  null,  0.00,  1469,  'OPERATION'),
(1965,  null,  null,  null,  0.00,  1469,  'COURANT'),
(1966,  null,  null,  null,  0.00,  1470,  'OPERATION'),
(1967,  null,  null,  null,  0.00,  1470,  'COURANT'),
(1968,  null,  null,  null,  0.00,  1471,  'OPERATION'),
(1969,  null,  null,  null,  0.00,  1471,  'COURANT'),
(1970,  null,  null,  null,  0.00,  1472,  'OPERATION'),
(1635,  null,  null,  null,  0.00,  1306,  'COURANT'),
(1971,  null,  null,  null,  0.00,  1472,  'COURANT'),
(1636,  null,  null,  null,  0.00,  1306,  'OPERATION'),
(1643,  null,  null,  null,  0.00,  1309,  'COURANT'),
(1972,  null,  null,  null,  0.00,  1473,  'OPERATION'),
(1644,  null,  null,  null,  0.00,  1309,  'OPERATION'),
(1645,  null,  null,  null,  0.00,  1310,  'COURANT'),
(1973,  null,  null,  null,  0.00,  1473,  'COURANT'),
(1646,  null,  null,  null,  0.00,  1310,  'OPERATION'),
(1974,  null,  null,  null,  0.00,  1474,  'OPERATION'),
(1647,  null,  null,  null,  0.00,  1311,  'COURANT'),
(1617,  null,  null,  null,  0.00,  1298,  'COURANT'),
(1618,  null,  null,  null,  0.00,  1298,  'OPERATION'),
(1619,  null,  null,  null,  0.00,  1299,  'COURANT'),
(1620,  null,  null,  null,  0.00,  1299,  'OPERATION'),
(1975,  null,  null,  null,  0.00,  1474,  'COURANT'),
(1627,  null,  null,  null,  0.00,  1303,  'OPERATION'),
(1648,  null,  null,  null,  0.00,  1311,  'OPERATION'),
(1649,  null,  null,  null,  0.00,  1312,  'COURANT'),
(1650,  null,  null,  null,  0.00,  1312,  'OPERATION'),
(1651,  null,  null,  null,  0.00,  1313,  'COURANT'),
(1652,  null,  null,  null,  0.00,  1313,  'OPERATION'),
(1653,  null,  null,  null,  0.00,  1314,  'COURANT'),
(1654,  null,  null,  null,  0.00,  1314,  'OPERATION'),
(1656,  null,  null,  null,  0.00,  1315,  'OPERATION'),
(1657,  null,  null,  null,  0.00,  1316,  'COURANT'),
(1658,  null,  null,  null,  0.00,  1316,  'OPERATION'),
(1659,  null,  null,  null,  0.00,  1317,  'COURANT'),
(1660,  null,  null,  null,  0.00,  1317,  'OPERATION'),
(1661,  null,  null,  null,  0.00,  1318,  'COURANT'),
(1662,  null,  null,  null,  0.00,  1318,  'OPERATION'),
(1976,  null,  null,  null,  0.00,  1475,  'OPERATION'),
(1663,  null,  null,  null,  0.00,  1319,  'OPERATION'),
(1665,  null,  null,  null,  0.00,  1320,  'OPERATION'),
(1666,  null,  null,  null,  0.00,  1320,  'COURANT'),
(1667,  null,  null,  null,  0.00,  1321,  'OPERATION'),
(1668,  null,  null,  null,  0.00,  1321,  'COURANT'),
(1669,  null,  null,  null,  0.00,  1322,  'OPERATION'),
(1671,  null,  null,  null,  0.00,  1323,  'OPERATION'),
(1673,  null,  null,  null,  0.00,  1324,  'OPERATION'),
(1674,  null,  null,  null,  0.00,  1324,  'COURANT'),
(1675,  null,  null,  null,  0.00,  1325,  'OPERATION'),
(1676,  null,  null,  null,  0.00,  1325,  'COURANT'),
(1677,  null,  null,  null,  0.00,  1326,  'OPERATION'),
(1678,  null,  null,  null,  0.00,  1326,  'COURANT'),
(1679,  null,  null,  null,  0.00,  1327,  'OPERATION'),
(1680,  null,  null,  null,  0.00,  1327,  'COURANT'),
(1681,  null,  null,  null,  0.00,  1328,  'OPERATION'),
(1682,  null,  null,  null,  0.00,  1328,  'COURANT'),
(1683,  null,  null,  null,  0.00,  1329,  'OPERATION'),
(1684,  null,  null,  null,  0.00,  1329,  'COURANT'),
(1685,  null,  null,  null,  0.00,  1330,  'OPERATION'),
(1687,  null,  null,  null,  0.00,  1331,  'OPERATION'),
(1688,  null,  null,  null,  0.00,  1331,  'COURANT'),
(1689,  null,  null,  null,  0.00,  1332,  'OPERATION'),
(1690,  null,  null,  null,  0.00,  1332,  'COURANT'),
(1514,  '2019-06-03 15:11:00.388',null  ,null  ,  -1376019.00,  1242,  'COURANT'),
(1977,  null,  null,  null,  0.00,  1475,  'COURANT'),
(1896,  '2019-06-03 19:05:52.018',null  ,null  ,  -174230.00,  1435,  'COURANT'),
(1686,  '2019-05-29 13:54:58.355',null  ,null  ,  -208.00,  1330,  'COURANT'),
(1912,  '2019-06-04 09:29:53.539',null  ,null  ,  -825664.00,  1443,  'COURANT'),
(1005,  '2019-05-30 11:16:34.690',  1000000000000.00, null ,  -6760.31,  1003,  'COMPENSE'),
(1882,  '2019-05-31 18:33:04.318',null  ,null  ,  -1008802.00,  1428,  'COURANT'),
(1918,  '2019-05-29 17:00:56.398',null  ,null  ,  -542.00,  1446,  'COURANT'),
(1935,  null,  null,  null,  0.00,  1455,  'OPERATION'),
(1936,  null,  null,  null,  0.00,  1455,  'COURANT'),
(1937,  null,  null,  null,  0.00,  1456,  'OPERATION'),
(1938,  null,  null,  null,  0.00,  1456,  'COURANT'),
(1943,  null,  null,  null,  0.00,  1459,  'OPERATION'),
(1944,  null,  null,  null,  0.00,  1459,  'COURANT'),
(1945,  null,  null,  null,  0.00,  1460,  'OPERATION'),
(1946,  null,  null,  null,  0.00,  1460,  'COURANT'),
(1947,  null,  null,  null,  0.00,  1461,  'OPERATION'),
(1948,  null,  null,  null,  0.00,  1461,  'COURANT'),
(1949,  null,  null,  null,  0.00,  1462,  'OPERATION'),
(1950,  null,  null,  null,  0.00,  1462,  'COURANT'),
(1951,  null,  null,  null,  0.00,  1463,  'OPERATION'),
(1952,  null,  null,  null,  0.00,  1463,  'COURANT'),
(1953,  null,  null,  null,  0.00,  1464,  'OPERATION'),
(1954,  null,  null,  null,  0.00,  1464,  'COURANT'),
(1955,  null,  null,  null,  0.00,  1465,  'OPERATION'),
(1956,  null,  null,  null,  0.00,  1465,  'COURANT'),
(1879,  null,  null,  null,  0.00,  1427,  'OPERATION'),
(1880,  null,  null,  null,  0.00,  1427,  'COURANT'),
(1881,  null,  null,  null,  0.00,  1428,  'OPERATION'),
(1883,  null,  null,  null,  0.00,  1429,  'OPERATION'),
(1885,  null,  null,  null,  0.00,  1430,  'OPERATION'),
(1886,  null,  null,  null,  0.00,  1430,  'COURANT'),
(1887,  null,  null,  null,  0.00,  1431,  'OPERATION'),
(1888,  null,  null,  null,  0.00,  1431,  'COURANT'),
(1889,  null,  null,  null,  0.00,  1432,  'OPERATION'),
(1890,  null,  null,  null,  0.00,  1432,  'COURANT'),
(1891,  null,  null,  null,  0.00,  1433,  'OPERATION'),
(1892,  null,  null,  null,  0.00,  1433,  'COURANT'),
(1893,  null,  null,  null,  0.00,  1434,  'OPERATION'),
(1894,  null,  null,  null,  0.00,  1434,  'COURANT'),
(1895,  null,  null,  null,  0.00,  1435,  'OPERATION'),
(1897,  null,  null,  null,  0.00,  1436,  'OPERATION'),
(1899,  null,  null,  null,  0.00,  1437,  'OPERATION'),
(1900,  null,  null,  null,  0.00,  1437,  'COURANT'),
(1901,  null,  null,  null,  0.00,  1438,  'OPERATION'),
(1902,  null,  null,  null,  0.00,  1438,  'COURANT'),
(1903,  null,  null,  null,  0.00,  1439,  'OPERATION'),
(1904,  null,  null,  null,  0.00,  1439,  'COURANT'),
(1905,  null,  null,  null,  0.00,  1440,  'OPERATION'),
(1907,  null,  null,  null,  0.00,  1441,  'OPERATION'),
(1908,  null,  null,  null,  0.00,  1441,  'COURANT'),
(1909,  null,  null,  null,  0.00,  1442,  'OPERATION'),
(1910,  null,  null,  null,  0.00,  1442,  'COURANT'),
(1911,  null,  null,  null,  0.00,  1443,  'OPERATION'),
(1913,  null,  null,  null,  0.00,  1444,  'OPERATION'),
(1914,  null,  null,  null,  0.00,  1444,  'COURANT'),
(1915,  null,  null,  null,  0.00,  1445,  'OPERATION'),
(1916,  null,  null,  null,  0.00,  1445,  'COURANT'),
(1917,  null,  null,  null,  0.00,  1446,  'OPERATION'),
(1919,  null,  null,  null,  0.00,  1447,  'OPERATION'),
(1920,  null,  null,  null,  0.00,  1447,  'COURANT'),
(1018,  '2019-06-04 11:42:43.998',  80000000000000000.00, null ,  19403298.00,  1011,  'COURANT'),
(1998,  null,  null,  null,  0.00,  1486,  'OPERATION'),
(1999,  null,  null,  null,  0.00,  1486,  'COURANT'),
(1011,  '2019-06-04 11:42:43.998',null  ,null  ,  -3436443.00,  1001,  'TIERS'),
(1670,  '2019-05-15 13:50:50.368',null  ,null  ,  9890.00,  1322,  'COURANT'),
(1007,  '2019-06-04 11:42:43.998',  1000000000000.00, null,  3436968.00,  1001,  'COMPENSE'),
(1906,  '2019-06-01 16:38:42.388',null  ,null  ,  -19039.00,  1440,  'COURANT'),
(1672,  '2019-05-18 20:42:52.590',null  ,null  ,  -11676.00,  1323,  'COURANT'),
(1884,  '2019-05-14 14:07:14.713',null  ,null  ,  -2981.00,  1429,  'COURANT'),
(1898,  '2019-05-29 12:29:08.926',null  ,null  ,  -50000.00,  1436,  'COURANT'),
(1664,  '2019-05-16 11:04:46.397',null  ,null  ,  -10052.00,  1319,  'COURANT'),
(1143,  '2019-06-04 07:28:05.091',null  ,null  ,  -3872066.00,  1059,  'TIERS'),
(1141,  '2019-06-04 07:28:05.091',  80000000000000000.00, null,  118210347.00,  1059,  'COURANT'),
(1026,  '2019-06-04 11:42:43.998',  1000000000000.00, null,  -126602575.00,  1005,  'COURANT'),
(2022,  null,  null,  null,  0.00,  1498,  'COURANT'),
(2023,  null,  null,  null,  0.00,  1498,  'OPERATION'),
(2024,  null,  null,  null,  0.00,  1499,  'COURANT'),
(2025,  null,  null,  null,  0.00,  1499,  'OPERATION'),
(2028,  null,  null,  null,  0.00,  1501,  'OPERATION'),
(2030,  null,  null,  null,  0.00,  1502,  'OPERATION'),
(2032,  null,  null,  null,  0.00,  1503,  'OPERATION'),
(2033,  null,  null,  null,  0.00,  1503,  'COURANT'),
(2034,  null,  null,  null,  0.00,  1504,  'OPERATION'),
(2036,  null,  null,  null,  0.00,  1505,  'OPERATION'),
(2037,  null,  null,  null,  0.00,  1505,  'COURANT'),
(2038,  null,  null,  null,  0.00,  1506,  'OPERATION'),
(2039,  null,  null,  null,  0.00,  1506,  'COURANT'),
(2040,  null,  null,  null,  0.00,  1507,  'OPERATION'),
(2041,  null,  null,  null,  0.00,  1507,  'COURANT'),
(2042,  null,  null,  null,  0.00,  1508,  'OPERATION'),
(2044,  null,  null,  null,  0.00,  1509,  'OPERATION'),
(2045,  null,  null,  null,  0.00,  1509,  'COURANT'),
(2046,  null,  null,  null,  0.00,  1510,  'OPERATION'),
(2048,  null,  null,  null,  0.00,  1511,  'OPERATION'),
(2050,  null,  null,  null,  0.00,  1512,  'OPERATION'),
(2052,  null,  null,  null,  0.00,  1513,  'OPERATION'),
(2053,  null,  null,  null,  0.00,  1513,  'COURANT'),
(2054,  null,  null,  null,  0.00,  1514,  'OPERATION'),
(2055,  null,  null,  null,  0.00,  1514,  'COURANT'),
(2056,  null,  null,  null,  0.00,  1515,  'OPERATION'),
(2057,  null,  null,  null,  0.00,  1515,  'COURANT'),
(2058,  null,  null,  null,  0.00,  1516,  'OPERATION'),
(2059,  null,  null,  null,  0.00,  1516,  'COURANT'),
(2060,  null,  null,  null,  0.00,  1517,  'OPERATION'),
(2062,  null,  null,  null,  0.00,  1518,  'OPERATION'),
(2141,  '2019-05-27 10:51:20.732',null  ,null  ,  -502.00,  1554,  'COURANT'),
(2083,  '2019-05-27 10:51:20.733',null  ,null  ,  -1004.00,  1526,  'TIERS'),
(2150,  '2019-06-03 20:25:05.020',null  ,null  ,  -271228.00,  1559,  'COURANT'),
(1019,  '2019-05-20 22:28:55.857',  80000000000000000.00, null,  249594.00,  1010,  'COURANT'),
(2064,  null,  null,  null,  0.00,  1519,  'OPERATION'),
(2065,  null,  null,  null,  0.00,  1519,  'TIERS'),
(2067,  null,  null,  null,  0.00,  1520,  'COURANT'),
(2068,  null,  null,  null,  0.00,  1520,  'OPERATION'),
(2069,  null,  null,  null,  0.00,  1521,  'COURANT'),
(2070,  null,  null,  null,  0.00,  1521,  'OPERATION'),
(2071,  null,  null,  null,  0.00,  1522,  'OPERATION'),
(1503,  '2019-05-05 13:50:14.774',  80000000000.00, null,  -0.80,  1238,  'COURANT'),
(2047,  '2019-05-23 20:38:49.754',null  ,null  ,  -10052.00,  1510,  'COURANT'),
(2143,  '2019-05-27 10:13:15.960',null  ,null  ,  -502.00,  1555,  'COURANT'),
(2090,  null,  null,  null,  0.00,  1529,  'COURANT'),
(2091,  null,  null,  null,  0.00,  1529,  'OPERATION'),
(1623,  '2019-05-27 15:05:58.612',  80000000000000000.00, null,  9970.00,  1301,  'COURANT'),
(1581,  '2019-05-23 15:10:41.826',null  ,null  ,  -6940.00,  1279,  'COURANT'),
(2051,  '2019-06-03 21:58:22.326',null  ,null  ,  -197284.00,  1512,  'COURANT'),
(2066,  '2019-06-03 15:53:19.646',null  ,null  ,  -1056271.00,  1519,  'COURANT'),
(2035,  '2019-05-27 11:15:06.439',null  ,null  ,  -1244.00,  1504,  'COURANT'),
(2108,  null,  null,  null,  0.00,  1538,  'COURANT'),
(2109,  null,  null,  null,  0.00,  1538,  'OPERATION'),
(2073,  null,  null,  null,  0.00,  1523,  'OPERATION'),
(2074,  null,  null,  null,  0.00,  1523,  'TIERS'),
(2075,  null,  null,  null,  0.00,  1523,  'COURANT'),
(2076,  null,  null,  null,  0.00,  1524,  'OPERATION'),
(2077,  null,  null,  null,  0.00,  1524,  'TIERS'),
(2078,  null,  null,  null,  0.00,  1524,  'COURANT'),
(2079,  null,  null,  null,  0.00,  1525,  'OPERATION'),
(2080,  null,  null,  null,  0.00,  1525,  'TIERS'),
(2081,  null,  null,  null,  0.00,  1525,  'COURANT'),
(2110,  null,  null,  null,  0.00,  1539,  'COURANT'),
(2111,  null,  null,  null,  0.00,  1539,  'OPERATION'),
(2112,  null,  null,  null,  0.00,  1540,  'COURANT'),
(2113,  null,  null,  null,  0.00,  1540,  'OPERATION'),
(2134,  null,  null,  null,  0.00,  1551,  'OPERATION'),
(2082,  null,  null,  null,  0.00,  1526,  'OPERATION'),
(2084,  null,  null,  null,  0.00,  1526,  'COURANT'),
(2063,  '2019-05-18 17:52:09.326',null  ,null  ,  -18494.00,  1518,  'COURANT'),
(2085,  null,  null,  null,  0.00,  1527,  'OPERATION'),
(2086,  null,  null,  null,  0.00,  1527,  'TIERS'),
(2120,  null,  null,  null,  0.00,  1544,  'OPERATION'),
(2121,  null,  null,  null,  0.00,  1544,  'COURANT'),
(2135,  null,  null,  null,  0.00,  1551,  'COURANT'),
(2136,  null,  null,  null,  0.00,  1552,  'OPERATION'),
(2137,  null,  null,  null,  0.00,  1552,  'COURANT'),
(2138,  null,  null,  null,  0.00,  1553,  'OPERATION'),
(2149,  null,  null,  null,  0.00,  1558,  'OPERATION'),
(2151,  null,  null,  null,  0.00,  1559,  'OPERATION'),
(1024,  '2019-05-30 11:16:34.690',null  ,null  ,  -523.10,  1012,  'TIERS'),
(2049,  '2019-06-01 18:17:01.028',null  ,null  ,  -44280.00,  1511,  'COURANT'),
(2043,  '2019-06-03 09:36:13.799',null  ,null  ,  -13524.00,  1508,  'COURANT'),
(2145,  null,  null,  null,  0.00,  1556,  'OPERATION'),
(2146,  null,  null,  null,  0.00,  1557,  'COURANT'),
(2148,  '2019-06-04 11:42:43.957',null  ,null  ,  -14808.00,  1558,  'COURANT'),
(2140,  null,  null,  null,  0.00,  1554,  'OPERATION'),
(2147,  null,  null,  null,  0.00,  1557,  'OPERATION'),
(2142,  null,  null,  null,  0.00,  1555,  'OPERATION'),
(2139,  '2019-05-27 15:05:58.604',null  ,null  ,  -5026.00,  1553,  'COURANT'),
(2031,  '2019-06-02 17:17:16.247',null  ,null  ,  -201566.00,  1502,  'COURANT'),
(1583,  '2019-06-01 11:58:09.883',null  ,null  ,  -112664.00,  1280,  'COURANT'),
(2029,  '2019-05-29 13:27:57.342',null  ,null  ,  -126788.00,  1501,  'COURANT'),
(2061,  '2019-05-29 20:43:00.217',null  ,null  ,  -4504.00,  1517,  'COURANT'),
(1632,  '2019-06-04 11:42:43.988',null  ,null  ,  -16622.00,  1304,  'COURANT'),
(2144,  '2019-05-31 15:56:08.935',null  ,null  ,  -4335.00,  1556,  'COURANT'),
(2072,  '2019-06-01 16:22:21.372',null  ,null  ,  -84656.00,  1522,  'COURANT'),
(2236,  null,  null,  null,  0.00,  1602,  'COURANT'),
(2237,  null,  null,  null,  0.00,  1602,  'OPERATION'),
(2238,  null,  null,  null,  0.00,  1603,  'OPERATION'),
(2239,  null,  null,  null,  0.00,  1603,  'COURANT'),
(2240,  null,  null,  null,  0.00,  1604,  'OPERATION'),
(2241,  null,  null,  null,  0.00,  1604,  'COURANT'),
(2242,  null,  null,  null,  0.00,  1605,  'OPERATION'),
(2243,  null,  null,  null,  0.00,  1605,  'COURANT'),
(2248,  null,  null,  null,  0.00,  1608,  'COURANT'),
(2249,  null,  null,  null,  0.00,  1608,  'OPERATION'),
(2250,  null,  null,  null,  0.00,  1609,  'COURANT'),
(2251,  null,  null,  null,  0.00,  1609,  'OPERATION'),
(2252,  null,  null,  null,  0.00,  1610,  'COURANT'),
(2253,  null,  null,  null,  0.00,  1610,  'OPERATION'),
(2254,  null,  null,  null,  0.00,  1611,  'COURANT'),
(2255,  null,  null,  null,  0.00,  1611,  'OPERATION'),
(2256,  null,  null,  null,  0.00,  1612,  'COURANT'),
(2257,  null,  null,  null,  0.00,  1612,  'OPERATION'),
(2258,  null,  null,  null,  0.00,  1613,  'COURANT'),
(2259,  null,  null,  null,  0.00,  1613,  'OPERATION'),
(2260,  null,  null,  null,  0.00,  1614,  'OPERATION'),
(2262,  null,  null,  null,  0.00,  1615,  'OPERATION'),
(2263,  null,  null,  null,  0.00,  1615,  'COURANT'),
(2264,  null,  null,  null,  0.00,  1616,  'OPERATION'),
(2265,  null,  null,  null,  0.00,  1616,  'COURANT'),
(2266,  null,  null,  null,  0.00,  1617,  'OPERATION'),
(2267,  null,  null,  null,  0.00,  1617,  'COURANT'),
(2268,  null,  null,  null,  0.00,  1618,  'COURANT'),
(2269,  null,  null,  null,  0.00,  1618,  'OPERATION'),
(2261,  '2019-06-02 14:13:24.586',null  ,null  ,  -500000.00,  1614,  'COURANT'),
(2270,  null,  null,  null,  0.00,  1619,  'COURANT'),
(2271,  null,  null,  null,  0.00,  1619,  'OPERATION'),
(2272,  null,  null,  null,  0.00,  1620,  'COURANT'),
(2273,  null,  null,  null,  0.00,  1620,  'OPERATION'),
(2274,  null,  null,  null,  0.00,  1621,  'COURANT'),
(2275,  null,  null,  null,  0.00,  1621,  'OPERATION'),
(2276,  null,  null,  null,  0.00,  1622,  'COURANT'),
(2277,  null,  null,  null,  0.00,  1622,  'OPERATION'),
(2278,  null,  null,  null,  0.00,  1623,  'COURANT'),
(2279,  null,  null,  null,  0.00,  1623,  'OPERATION'),
(2280,  null,  null,  null,  0.00,  1624,  'COURANT'),
(2281,  null,  null,  null,  0.00,  1624,  'OPERATION'),
(2087,  null,  null,  null,  -1000000.00,  1527,  'COURANT'),
(1613,  '2019-05-22 11:07:50.629',null  ,null  ,  -5000000.00,  1296,  'COURANT');
