insert into zone_monetaire(zm_code,zm_libelle) values
('XAF',	'CEMAC'),
('XOF',	'UEMOA'),
('EUR',	'EURO'),
('USD',	'US DOLLAR'),
('NGN',	'UEMOA'),
('GHS',	'UEMOA'),
('GMD',	'DALASI'),
('GNF',	'FRANC GUINEEN');
insert into devise(dev_code,dev_uniteComptable,dev_uniteMonetaire) values
('XOF',	1.0,	5.0),
('XAF',	1.0,	5.0),
('USD',	0.01,	1.0),
('NGN',	0.01,	0.01),
('GHS',	0.01,	0.01),
('GMD',	0.1,	0.1),
('GNF',	1.0,	5.0),
('EUR',	0.01,	0.01);

insert into pays(ps_code,ps_indicatif,ps_libelle,ps_statut,ps_dev_code) values
('SN',	'221',	'SENEGAL',				'A',	'XOF'),
('ML',	'223',	'MALI',					'A',	'XOF'),
('CI',	'225',	'COTE DIVOIRE',		    'A',	'XOF'),
('BF',	'226',	'BURKINA FASO',			'A',	'XOF'),
('BJ',	'229',	'BENIN',				'A',	'XOF'),
('TG',	'228',	'TOGO',					'A',	'XOF'),
('GW',	'245',	'GUINEE BISSAU',		'A',	'XOF'),
('NE',	'227',	'NIGER',				'A',	'XOF'),
('NG',	'234',	'NIGERIA',				'A',	'NGN'),
('GH',	'233',	'GHANA',				'A',	'GHS'),
('GM',	'220',	'GAMBIE',				'A',	'GMD'),
('GN',	'224',	'GUINEE CONAKRY',		'A',	'GNF'),
('FR',	'33',	'FRANCE',				'A',	'EUR');




insert into type_service(ser_code,ser_description,ser_composant,ser_decouvert_applicable) values
('CASH_TRANSFER',     'Envoi cash',                      NULL, 'OUI'),
('PAYMENT_TRANSFER',  'Paiement cash',                   NULL, 'OUI'),
('CASH_IN_DEPOSIT',   'Versement cash',                  NULL, 'OUI'),
('CASH_OUT_DEPOSIT',  'Demande de mise a disposition',   NULL, 'NON');

insert into type_unite_organisational(tuo_code,tuo_description,tuo_libelle,tuo_niveau,tuo_parent_code,tuo_node_type,tuo_autonome,tuo_gauche,tuo_droite,tuo_hauteur) values
('SYSTEME',             'Systeme',              'Systeme',              'ZERO',      NULL,                  'ROOT',         'OUI',	1,	18,	0),
('SYSTEME_ZONE',        'SYSTEME_ZONE',         'Systeme',              'UN',       'SYSTEME',	            'INTERNAL',     'OUI',	2,	17,	1),
('BANQUE',              'BANQUE',               'BANQUE',               'DEUX',     'SYSTEME_ZONE',         'INTERNAL',	    'OUI',	3,	10,	2),
('COMPAGNIE',           'COMPAGNIE',            'COMPAGNIE',            'DEUX',     'SYSTEME_ZONE',         'INTERNAL',	    'OUI',	11,	14,	2),
('PARTENAIRE_EXTERNE',  'PARTENAIRE_EXTERNE',   'PARTENAIRE_EXTERNE',   'DEUX',     'SYSTEME_ZONE',         'LEAF',	        'OUI',	15,	16,	2),
('PARTENAIRE_INTERNE',  'PARTENAIRE_INTERNE',   'PARTENAIRE_INTERNE',   'TROIS',    'BANQUE',               'INTERNAL',	    'OUI',	4,	7,	3),
('DISTRIBUTEUR',        'DISTRIBUTEUR',         'DISTRIBUTEUR',         'TROIS',    'BANQUE',               'LEAF',	        'OUI',	12,	13,	3),
('POS',                 'POS',                  'POS',                  'QUATRE',   'PARTENAIRE_INTERNE',   'LEAF',	        'OUI',	5,	6,	4);

insert into schema_comptable(sc_id, sc_description,sc_statut,sc_variante,sc_version,sc_ser_code,sc_tuo_code) values
							
(1002,       'Envoie depuis LoulySoft disponible uniquement sur LoulySoft',                             'A',       'VARIANTE_1',       0,       'CASH_TRANSFER',            'DISTRIBUTEUR'),
(1003,       'Envoie depuis LoulySoft disponible chez un partenaire',                                   'A',       'VARIANTE_2',       0,       'CASH_TRANSFER',            'DISTRIBUTEUR'),
(1004,       'Transfert declenché depuis un partenaire externe et envoyé á LoulySoft',               'A',       'VARIANTE_1',       0,       'CASH_TRANSFER',            'PARTENAIRE_EXTERNE'),
(1005,       'Envoie depuis LoulySoft disponible uniquement sur LoulySoft',                             'A',       'VARIANTE_1',       0,       'CASH_TRANSFER',            'POS'),
(1006,       'Envoie depuis LoulySoft disponible chez un partenaire',                                   'A',       'VARIANTE_2',       0,       'CASH_TRANSFER',            'POS'),
(1011,       'Paiement transfert uniquement disponible dans le reseau LoulySoft',                       'A',       'VARIANTE_1',       0,       'PAYMENT_TRANSFER',         'DISTRIBUTEUR'),
(1012,       'Paiement transfert envoye depuis LoulySoft et disponible chez les partenaires externes',  'A',       'VARIANTE_2',       0,       'PAYMENT_TRANSFER',         'DISTRIBUTEUR'),
(1013,       'Paiement transfert envoye depuis un partenaire externe',                                  'A',       'VARIANTE_3',       0,       'PAYMENT_TRANSFER',         'DISTRIBUTEUR'),
(1014,       'Paiement transfert uniquement disponible dans le reseau LoulySoft',                       'A',       'VARIANTE_1',       0,       'PAYMENT_TRANSFER',         'POS'),
(1015,       'Paiement transfert envoye depuis LoulySoft et disponible chez les partenaires externes',  'A',       'VARIANTE_2',       0,       'PAYMENT_TRANSFER',         'POS'),
(1016,       'Paiement transfert envoye depuis un partenaire externe',                                  'A',       'VARIANTE_3',       0,       'PAYMENT_TRANSFER',         'POS'),
(1017,       'Demande de mise a disposition dun POS',                                                  'A',       'VARIANTE_1',       0,       'CASH_OUT_DEPOSIT',         'POS'),
(1019,       'Demande de mise a disposition dun Distributeur',                                         'A',       'VARIANTE_1',       0,       'CASH_OUT_DEPOSIT',         'DISTRIBUTEUR'),
(1027,       'Approvisionnement compte courant DISTRIBUTEUR chez une compagnie',                        'A',       'VARIANTE_1',       0,       'CASH_IN_DEPOSIT',          'COMPAGNIE'),
(1028,       'Approvisionnement compte courant POS chez un partenaire interne',                         'A',       'VARIANTE_1',       0,       'CASH_IN_DEPOSIT',          'PARTENAIRE_INTERNE'),
(1031,       'Demande de mise a disposition dun POS',                                                  'A',       'VARIANTE_2',       0,       'CASH_OUT_DEPOSIT',         'POS'),
(1032,       'Demande de mise a disposition dun Distributeur',                                         'A',       'VARIANTE_2',       0,       'CASH_OUT_DEPOSIT',         'DISTRIBUTEUR'),
(1035,       'Demande de mise a disposition dun Partenaire interne',                                   'A',       'VARIANTE_1',       0,       'CASH_OUT_DEPOSIT',         'PARTENAIRE_INTERNE'),
(1036,       'Demande de mise a disposition dun Partenaire interne',                                   'A',       'VARIANTE_2',       0,       'CASH_OUT_DEPOSIT',         'PARTENAIRE_INTERNE'),
(1037,       'Paiement transfert uniquement disponible dans le reseau LoulySoft',                       'A',       'VARIANTE_1',       0,       'PAYMENT_TRANSFER',         'PARTENAIRE_INTERNE'),
(1038,       'Paiement transfert envoye depuis LoulySoft et disponible chez les partenaires externes',  'A',       'VARIANTE_2',       0,       'PAYMENT_TRANSFER',         'PARTENAIRE_INTERNE'),
(1039,       'Paiement transfert envoye depuis un partenaire externe',                                  'A',       'VARIANTE_3',       0,       'PAYMENT_TRANSFER',         'PARTENAIRE_INTERNE'),
(1040,       'Approvisionnement compte courant partenaire interne chez un autre partenaire interne',    'A',       'VARIANTE_2',       0,       'CASH_IN_DEPOSIT',          'PARTENAIRE_INTERNE'),
(1043,       'Envoie depuis LoulySoft disponible uniquement sur LoulySoft',                             'A',       'VARIANTE_3',       0,       'CASH_TRANSFER',            'DISTRIBUTEUR'),
(1044,       'Envoie depuis LoulySoft disponible chez un partenaire',                                   'A',       'VARIANTE_4',       0,       'CASH_TRANSFER',            'DISTRIBUTEUR'),
(1045,       'Envoie depuis LoulySoft disponible uniquement sur LoulySoft',                             'A',       'VARIANTE_1',       0,       'CASH_TRANSFER',            'PARTENAIRE_INTERNE'),
(1046,       'Envoie depuis LoulySoft disponible chez un partenaire',                                   'A',       'VARIANTE_2',       0,       'CASH_TRANSFER',            'PARTENAIRE_INTERNE');

                               

insert into type_parametre(type_param_code,type_param_description) values
('SIMPLE',                  'Simple'),
('COUNTRY',                 'Country'),
('CORRIDOR',                'Corridor'),
('MONETARY_ZONE',           'MONETARY_ZONE'),
('TRANSACTION_CONTEXT',     'TRANSACTION_CONTEXT'),
('SERVICE_CONTEXT',         'SERVICE_CONTEXT'),
('EXCHANGE_RATE',           'EXCHANGE_RATE'),
('CALCUL',                  'CALCUL');

insert into parametre(param_code,param_description,param_type_param_code) values
('TARIF_TRANSFERT_CASH',                            NULL,       'CORRIDOR'),
('RESERVE_COMMISSION',                              NULL,       'SIMPLE'),
('COMMISSION_POS',                                  NULL,       'SIMPLE'),
('COMMISSION_PARTENAIRE_INTERNE',                   NULL,       'SIMPLE'),
('COMMISSION_BANQUE',                               NULL,       'SIMPLE'),
('COMMISSION_DISTRIBUTEUR',                         NULL,       'SIMPLE'),
('COMMISSION_COMPAGNIE',                            NULL,       'SIMPLE'),
('TAXE',                                            NULL,       'COUNTRY'),
('COMMISSION_PARTENAIRE_EXTERNE',                   NULL,       'SIMPLE'),
('COMMISSION_PAIEMENT',                             NULL,       'SIMPLE'),
('PRINCIPAL',                                       NULL,       'TRANSACTION_CONTEXT'),
('EXCHANGE_RATE',                                   NULL,       'EXCHANGE_RATE'),
('CALCUL',                                          NULL,       'CALCUL'),
('PRINCIPAL_EXTERNE_SERVICE_CONTEXT',               NULL,       'SERVICE_CONTEXT'),
('PROVISION_EXTERNE_SERVICE_CONTEXT',               NULL,       'SERVICE_CONTEXT'),
('PRINCIPAL_SERVICE_CONTEXT',                       NULL,       'SERVICE_CONTEXT'),
('PROVISION_SERVICE_CONTEXT',                       NULL,       'SERVICE_CONTEXT'),
('FRAIS_PAIEMENT_TRANSFERT_PARTENAIRE',             NULL,       'SIMPLE'),
('FRAIS_VERSEMENT_CASH',                            NULL,       'COUNTRY'),
('COMMISSION_BANQUE_VERSEMENT_CASH',                NULL,       'SIMPLE'),
('TIMBRE_VERSEMENT_CASH',                           NULL,       'COUNTRY'),
('COMMISSION_PARTENAIRE_INTERNE_VERSEMENT_CASH',    NULL,       'SIMPLE'),
('COMMISSION_COMPAGNIE_VERSEMENT_CASH',             NULL,       'SIMPLE'),
('FRAIS_OPTIONS_TROIS_JOURS',                       NULL,       'CORRIDOR'),
('FRAIS_OPTIONS_SIX_JOURS',                         NULL,       'CORRIDOR'),
('FRAIS_TRANSFERT_ADDITIONNEL',                     NULL,       'SERVICE_CONTEXT'),
('COMMISSION_DISTRIBUTEUR_ADDITIONNELLE',           NULL,       'SIMPLE'),
('COMMISSION_COMPAGNIE_ADDITIONNELLE',              NULL,       'SIMPLE');


insert into parametre_recherche(pr_id, pr_niveau,pr_pivot,pr_type) values

(1000,   0,   'UNITE_ORGANISATIONNELLE_EMETTRICE',      'UNITE_ORGANISATIONELLE'),
(1001,   1,   'UNITE_ORGANISATIONNELLE_EMETTRICE',      'UNITE_ORGANISATIONELLE'),
(1002,   2,   'UNITE_ORGANISATIONNELLE_EMETTRICE',      'UNITE_ORGANISATIONELLE'),
(1003,   3,   'UNITE_ORGANISATIONNELLE_EMETTRICE',      'UNITE_ORGANISATIONELLE'),
(1004,   0,   'UNITE_ORGANISATIONNELLE_TIERCE',         'UNITE_ORGANISATIONELLE'),
(1005,   1,   'UNITE_ORGANISATIONNELLE_TIERCE',         'UNITE_ORGANISATIONELLE'),
(1006,   2,   'UNITE_ORGANISATIONNELLE_TIERCE',         'UNITE_ORGANISATIONELLE'),
(1007,   3,   'UNITE_ORGANISATIONNELLE_TIERCE',         'UNITE_ORGANISATIONELLE'),
(1008,   0,   'ZONE_MONETAIRE_DESTINATION',             'UNITE_ORGANISATIONELLE'),
(1009,   0,   'SYSTEM',                                 'UNITE_ORGANISATIONELLE'),
(1010,   0,   'PAYS_DESTINATION',                       'DEVISE'),
(1011,   0,   'UNITE_ORGANISATIONNELLE_TIERCE',         'DEVISE'),
(1012,   0,   'UNITE_ORGANISATIONNELLE_EMETTRICE',      'DEVISE'),
(1013,   0,   'PAYS_DESTINATION',                       'DEVISE_SOURCE'),
(1015,   0,   'UNITE_ORGANISATIONNELLE_TIERCE',         'DEVISE_SOURCE'),
(1016,   0,   'UNITE_ORGANISATIONNELLE_EMETTRICE',      'DEVISE_SOURCE'),
(1017,   0,   'PAYS_DESTINATION',                       'DEVISE_DESTINATION'),
(1018,   0,   'PARTENAIRE_EXTERNE',                     'DEVISE_DESTINATION'),
(1019,   0,   'UNITE_ORGANISATIONNELLE_TIERCE',         'DEVISE_DESTINATION'),
(1020,   0,   'UNITE_ORGANISATIONNELLE_EMETTRICE',      'DEVISE_DESTINATION'),
(1021,   0,   'DEVISE',                                 'DEVISE'),
(1031,   0,   'DEVISE',                                 'DEVISE_SOURCE'),
(1032,   0,   'DEVISE',                                 'DEVISE_DESTINATION');


insert into code_ecriture(ce_code,ce_description) values
('PRINCIPAL',                   NULL),
('TIERCE_PRINCIPAL',            NULL),
('TAXES',                       NULL),
('TIMBRE',                      NULL),
('COMMISSION_HORS_TAXE',        NULL),
('COMMISSION_TAXE',             NULL),
('ATTENTE_TRANSFERT',           NULL),
('PROVISION',                   NULL),
('ENCAISSEMENT_CASH',           NULL),
('DECAISSEMENT_CASH',           NULL),
('FRAIS',                       NULL),
('DETTE',                       NULL),
('CREANCE',                     NULL),
('COMMISSION_TTC',              NULL),
('VERSEMENT_COMPTE',            NULL),
('REVERSE_DECAISSEMENT_CASH',   NULL),
('MISE_A_DISPOSITION',          NULL),
('AUTRES_FRAIS',                NULL);

insert into type_compte(tc_code,tc_category,tc_description,tc_tracked) values
('COURANT',     'PRINCIPAL',    'Compte courant',       'Y'),
('TIERS',       'SECONDAIRE',   'Compte mes tiers',     'Y'),
('ATTENTE',     'SECONDAIRE',   'Compte dattente',      'Y'),
('OPERATION',   'AUTRE',        'Compte doperation',    'Y'),
('COMPENSE',    'PRINCIPAL',    'Compte de compense',   'Y');



-- Insertion table a supprimer dans le future c'est juste pour tests
insert into grille(grid_id, grid_description,grid_type,grid_valeur) values
(1000,     'tarifs transfert',                      'GRILLE',           null),
(1007,     'Comp Paiement',                         'POURCENTAGE',        10),
(1010,     'taxe',                                  'SIMPLE',           0.17),
(1002,     'Com Banque',                            'POURCENTAGE',         5),
(1003,     'Comp Partenaire int',                   'POURCENTAGE',         5),
(1004,     'Com Dist',                              'POURCENTAGE',        26),
(1020,     'Com paiement transfert partenaire',     'POURCENTAGE',         1),
(1024,     'tarifs EURO-XOF',                       'GRILLE',           null),
(1025,     'Tarifs XOF -- EUR',                     'GRILLE',           null),
(1021,     'Frais versement cash',                  'SIMPLE',              0),
(1022,     'timbre versement cash',                 'SIMPLE',              0),
(1023,     'autres grille',                         'SIMPLE',              0),
(1008,     'Commission Versement Cash',             'POURCENTAGE',       100),
(1055,     'PAIMENT TRANSFERT SUR TROIS JOURS',     'GRILLE',           null),
(1056,     'PAIMENT TRANSFERT SUR SIX JOURS',       'GRILLE',           null),
(1057,     'COMMISSION_COMPAGNIE_ADDITIONNELLE',    'POURCENTAGE',        60),
(1058,     'COMMISSION_DISTRIBUTEUR_ADDITIONNELLE', 'POURCENTAGE',        20),
(1005,     'Comp Compagnie',                        'POURCENTAGE',      28.6),
(1059,     'Com Dist (35)',                         'POURCENTAGE',        35),
(1060,     'Com Compagnie (35)',                    'POURCENTAGE',     22.75),
(1001,     'Reserve Com',                           'POURCENTAGE',        30),
(1006,     'Comp Partenaire ext',                   'POURCENTAGE',        30),
(1061,     'Tarifs du benin',                       'GRILLE',           null),
(1062,     'Tarifs du Senegal',                     'GRILLE',           null),
(1063,     'TARIFS_BENIN_VERS_EUROPE',              'GRILLE',           null),
(1064,     'TARIFS_BENIN_VERS_AFRIQUE',             'GRILLE',           null),
(1065,     'TARIFS_BENIN_DOMESTIQUE',               'GRILLE',           null);

insert into montant_schema_comptable(msc_id,msc_nom,msc_rang,msc_round,msc_param_code,msc_sc_id) values
(1044,     'P',                     0,     'UNIT',     'PRINCIPAL',     1002),
(1045,     'F',                     1,     'UNIT',     'TARIF_TRANSFERT_CASH',     1002),
(1046,     'DIST_TTC',              2,     'UNIT',     'COMMISSION_DISTRIBUTEUR',     1002),
(1047,     'CMP_TTC',               3,     'UNIT',     'COMMISSION_COMPAGNIE',     1002),
(1048,     'PROVISION',             4,     'UNIT',     'RESERVE_COMMISSION',     1002),
(1049,     'T',                     5,     'NONE',     'TAXE',     1002),
(1050,     '"1/(1+T)"',             6,     'NONE',     'CALCUL',     1002),
(1051,     'DIST_CHT',              7,     'UNIT',     'CALCUL',     1002),
(1052,     'DIST_T',                8,     'UNIT',     'CALCUL',     1002),
(1053,     'CMP_CHT',               9,     'UNIT',     'CALCUL',     1002),
(1054,     'CMP_T',                 10,     'UNIT',     'CALCUL',     1002),
(1055,     'CMP_TTC+DIST_TTC',      11,     'UNIT',     'CALCUL',     1002),
(1056,     'SYS_TTC',               12,     'UNIT',     'CALCUL',     1002),
(1057,     'SYS_CHT',               13,     'UNIT',     'CALCUL',     1002),
(1058,     'SYS_T',                 14,     'UNIT',     'CALCUL',     1002),
(1059,     'TAUX_CHANGE',           15,     'NONE',     'EXCHANGE_RATE',     1002),
(1060,     'CONV_P',                16,     'MONETARY',     'CALCUL',     1002),
(1061,     'CONV_PROVISION',        17,     'UNIT',     'CALCUL',     1002),
(1062,     'P+F',                   18,     'UNIT',     'CALCUL',     1002),
(1063,     'P+F-(CMP_TTC+DIST_TTC)',19,     'UNIT',     'CALCUL',     1002),
(1064,     'CONV_P+CONV_PROVISION', 20,     'UNIT',     'CALCUL',     1002),
(1065,     'P',                     0,     'UNIT',     'PRINCIPAL',     1003),
(1066,     'F',                     1,     'UNIT',     'TARIF_TRANSFERT_CASH',     1003),
(1067,     'DIST_TTC',              2,     'UNIT',     'COMMISSION_DISTRIBUTEUR',     1003),
(1068,     'CMP_TTC',               3,     'UNIT',     'COMMISSION_COMPAGNIE',     1003),
(1069,     'PE_TTC',                4,     'UNIT',     'COMMISSION_PARTENAIRE_EXTERNE',     1003),
(1070,     'T',                     5,     'NONE',     'TAXE',     1003),
(1071,     '"1(1+T)"',              6,     'NONE',     'CALCUL',     1003),
(1072,     'DIST_CHT',              7,     'UNIT',     'CALCUL',     1003),
(1073,     'DIST_T',                8,     'UNIT',     'CALCUL',     1003),
(1074,     'CMP_CHT',               9,     'UNIT',     'CALCUL',     1003),
(1075,     'CMP_T',                 10,     'UNIT',     'CALCUL',     1003),
(1076,     'CMP_TTC+DIST_TTC',      11,     'UNIT',     'CALCUL',     1003),
(1077,     'SYS_TTC',               12,     'UNIT',     'CALCUL',     1003),
(1078,     'SYS_CHT',               13,     'UNIT',     'CALCUL',     1003),
(1079,     'SYS_T',                 14,     'UNIT',     'CALCUL',     1003),
(1080,     'TAUX_CHANGE_1',         15,     'NONE',     'EXCHANGE_RATE',     1003),
(1081,     'CONV_P',                16,     'MONETARY',     'CALCUL',     1003),
(1082,     'P+F',                   17,     'UNIT',     'CALCUL',     1003),
(1083,     'CONV_PE_TTC',           18,     'UNIT',     'CALCUL',     1003),
(1084,     'P+F-(CMP_TTC+DIST_TTC)',19,     'UNIT',     'CALCUL',     1003),
(1085,     'CONV_P+CONV_PE_TTC',    20,     'UNIT',     'CALCUL',     1003),
(1086,     'TAUX_CHANGE_2',         21,     'NONE',     'EXCHANGE_RATE',     1003),
(1087,     'CONV_CONV_P',           22,     'UNIT',     'CALCUL',     1003),
(1088,     'CONV_CONV_PE_TTC',      23,     'UNIT',     'CALCUL',     1003),
(1089,     'CONV_CONV_P+CONV_CONV_PE_TTC',     24,     'UNIT',     'CALCUL',     1003),
(1090,     'P_',                                0,     'NONE',     'PRINCIPAL',     1004),
(1091,     'TAUX_CHANGE_1',                     1,     'NONE',     'EXCHANGE_RATE',     1004),
(1092,     'P',                                 2,     'MONETARY',     'CALCUL',     1004),
(1093,     'PROVISION',                         3,     'UNIT',     'FRAIS_PAIEMENT_TRANSFERT_PARTENAIRE',     1004),
(1094,     'TAUX_CHANGE_2',                     4,     'NONE',     'EXCHANGE_RATE',     1004),
(1095,     'P_PE',                              5,     'UNIT',     'CALCUL',     1004),
(1096,     'FRAIS_PE',                          6,     'UNIT',     'CALCUL',     1004),
(1097,     'P+PROVISION',                       7,     'UNIT',     'CALCUL',     1004),
(1098,     'P_PE+FRAIS_PE',                     8,     'UNIT',     'CALCUL',     1004),
(1099,     'P',                                 0,     'UNIT',     'PRINCIPAL',     1005),
(1100,     'F',                                 1,     'UNIT',     'TARIF_TRANSFERT_CASH',     1005),
(1101,     'POS_TTC',                           2,     'UNIT',     'COMMISSION_POS',     1005),
(1102,     'PI_TTC',                            3,     'UNIT',     'COMMISSION_PARTENAIRE_INTERNE',     1005),
(1103,     'BANQUE_TTC',                        4,     'UNIT',     'COMMISSION_BANQUE',     1005),
(1104,     'PROVISION',                         5,     'UNIT',     'RESERVE_COMMISSION',     1005),
(1105,     'T',                                 6,     'NONE',     'TAXE',     1005),
(1106,     '"1/(1+T)"',                         7,     'NONE',     'CALCUL',     1005),
(1107,     'POS_CHT',                           8,     'UNIT',     'CALCUL',     1005),
(1108,     'POS_T',                             9,     'UNIT',     'CALCUL',     1005),
(1109,     'PI_CHT',                            10,     'UNIT',     'CALCUL',     1005),
(1110,     'PI_T',                              11,     'UNIT',     'CALCUL',     1005),
(1111,     'BANQUE_CHT',                        12,     'UNIT',     'CALCUL',     1005),
(1112,     'BANQUE_T',                          13,     'UNIT',     'CALCUL',     1005),
(1113,     'PI_TTC+POS_TTC',                    14,     'UNIT',     'CALCUL',     1005),
(1114,     'BANQUE_TTC+PI_TTC+POS_TTC',         15,     'UNIT',     'CALCUL',     1005),
(1115,     'SYS_TTC',                           16,     'UNIT',     'CALCUL',     1005),
(1116,     'SYS_CHT',                           17,     'UNIT',     'CALCUL',     1005),
(1117,     'SYS_T',                             18,     'UNIT',     'CALCUL',     1005),
(1118,     'TAUX_CHANGE',                       19,     'NONE',     'EXCHANGE_RATE',     1005),
(1119,     'CONV_P',                            20,     'MONETARY',     'CALCUL',     1005),
(1120,     'CONV_PROVISION',                    21,     'UNIT',     'CALCUL',     1005),
(1121,     'P+F',                               22,     'UNIT',     'CALCUL',     1005),
(1122,     'CONV_P+CONV_PROVISION',             23,     'UNIT',     'CALCUL',     1005),
(1123,     'P+F-(PI_TTC+POS_TTC)',              24,     'UNIT',     'CALCUL',     1005),
(1124,     'P+F-(BANQUE_TTC+PI_TTC+POS_TTC)',   25,     'UNIT',     'CALCUL',     1005),
(1125,     'P',                                 0,     'UNIT',     'PRINCIPAL',     1006),
(1126,     'F',                                 1,     'UNIT',     'TARIF_TRANSFERT_CASH',     1006),
(1127,     'POS_TTC',                           2,     'UNIT',     'COMMISSION_POS',     1006),
(1128,     'PI_TTC',                            3,     'UNIT',     'COMMISSION_PARTENAIRE_INTERNE',     1006),
(1129,     'BANQUE_TTC',                        4,     'UNIT',     'COMMISSION_BANQUE',     1006),
(1130,     'PE_TTC',                            5,     'UNIT',     'COMMISSION_PARTENAIRE_EXTERNE',     1006),
(1131,     'T',                                 6,     'NONE',     'TAXE',     1006),
(1132,     '"1(1+T)"',                          7,     'NONE',     'CALCUL',     1006),
(1133,     'POS_CHT',                           8,     'UNIT',     'CALCUL',     1006),
(1134,     'POS_T',                             9,     'UNIT',     'CALCUL',     1006),
(1135,     'PI_CHT',                            10,     'UNIT',     'CALCUL',     1006),
(1136,     'PI_T',                              11,     'UNIT',     'CALCUL',     1006),
(1137,     'BANQUE_CHT',                        12,     'UNIT',     'CALCUL',     1006),
(1138,     'BANQUE_T',                          13,     'UNIT',     'CALCUL',     1006),
(1139,     'PI_TTC+POS_TTC',                    14,     'UNIT',     'CALCUL',     1006),
(1140,     'BANQUE_TTC+PI_TTC+POS_TTC',         15,     'UNIT',     'CALCUL',     1006),
(1141,     'SYS_TTC',                           16,     'UNIT',     'CALCUL',     1006),
(1142,     'SYS_CHT',                           17,     'UNIT',     'CALCUL',     1006),
(1143,     'SYS_T',                             18,     'UNIT',     'CALCUL',     1006),
(1144,     'TAUX_CHANGE_1',                     19,     'NONE',     'EXCHANGE_RATE',     1006),
(1145,     'CONV_P',                            20,     'MONETARY',     'CALCUL',     1006),
(1146,     'P+F',                               21,     'UNIT',     'CALCUL',     1006),
(1147,     'CONV_PE_TTC',                       22,     'UNIT',     'CALCUL',     1006),
(1148,     'P+F-(BANQUE_TTC+PI_TTC+POS_TTC)',   23,     'UNIT',     'CALCUL',     1006),
(1149,     'P+F-(PI_TTC+POS_TTC)',              24,     'UNIT',     'CALCUL',     1006),
(1150,     'P+F-(BANQUE_TTC+PI_TTC+POS_TTC)',   25,     'UNIT',     'CALCUL',     1006),
(1151,     'CONV_P+CONV_PE_TTC',                26,     'UNIT',     'CALCUL',     1006),
(1152,     'TAUX_CHANGE_2',                     27,     'NONE',     'EXCHANGE_RATE',     1006),
(1153,     'CONV_CONV_P',                       28,     'UNIT',     'CALCUL',     1006),
(1154,     'CONV_CONV_PE_TTC',                  29,     'UNIT',     'CALCUL',     1006),
(1155,     'CONV_CONV_P+CONV_CONV_PE_TTC',      30,     'UNIT',     'CALCUL',     1006),
(1805,     'P',                                 0,     'UNIT',     'PRINCIPAL',     1043),
(1806,     '_F',                                1,     'UNIT',     'TARIF_TRANSFERT_CASH',     1043),
(1807,     'F_PLUS',                            2,     'UNIT',     'FRAIS_TRANSFERT_ADDITIONNEL',     1043),
(1808,     '_DIST_TTC',                         3,     'UNIT',     'COMMISSION_DISTRIBUTEUR',     1043),
(1809,     '_CMP_TTC',                          4,     'UNIT',     'COMMISSION_COMPAGNIE',     1043),
(1810,     'DIST_TTC_PLUS',                     5,     'UNIT',     'COMMISSION_DISTRIBUTEUR_ADDITIONNELLE',     1043),
(1811,     'CMP_TTC_PLUS',                      6,     'UNIT',     'COMMISSION_COMPAGNIE_ADDITIONNELLE',     1043),
(1812,     'PROVISION',                         7,     'UNIT',     'RESERVE_COMMISSION',     1043),
(1813,     'F',                                 8,     'UNIT',     'CALCUL',     1043),
(1814,     'DIST_TTC',                          9,     'UNIT',     'CALCUL',     1043),
(1815,     'CMP_TTC',                           10,     'UNIT',     'CALCUL',     1043),
(1816,     'T',                                 11,     'NONE',     'TAXE',     1043),
(1817,     '"1/(1+T)"',                         12,     'NONE',     'CALCUL',     1043),
(1225,     'P',                                 0,     'UNIT',     'PRINCIPAL_SERVICE_CONTEXT',     1011),
(1226,     'PROVISION',                         1,     'UNIT',     'PROVISION_SERVICE_CONTEXT',     1011),
(1227,     '_DIST_TTC',                         2,     'UNIT',     'COMMISSION_DISTRIBUTEUR',     1011),
(1228,     '_CMP_TTC',                          3,     'UNIT',     'COMMISSION_COMPAGNIE',     1011),
(1229,     'T',                                 4,     'NONE',     'TAXE',     1011),
(1230,     '"1(1+T)"',                          5,     'NONE',     'CALCUL',     1011),
(1231,     'DIST_TTC',                          6,     'UNIT',     'CALCUL',     1011),
(1232,     'CMP_TTC',                           7,     'UNIT',     'CALCUL',     1011),
(1233,     'CMP_TTC+DIST_TTC',                  8,     'UNIT',     'CALCUL',     1011),
(1234,     'P+PROVISION',                       9,     'UNIT',     'CALCUL',     1011),
(1235,     'SYS_TTC',                           10,     'UNIT',     'CALCUL',     1011),
(1236,     'DIST_CHT',                          11,     'UNIT',     'CALCUL',     1011),
(1237,     'DIST_T',                            12,     'UNIT',     'CALCUL',     1011),
(1238,     'CMP_CHT',                           13,     'UNIT',     'CALCUL',     1011),
(1239,     'CMP_T',                             14,     'UNIT',     'CALCUL',     1011),
(1240,     'SYS_CHT',                           15,     'UNIT',     'CALCUL',     1011),
(1241,     'SYS_T',                             16,     'UNIT',     'CALCUL',     1011),
(1242,     'P+CMP_TTC+DIST_TTC',                17,     'UNIT',     'CALCUL',     1011),
(1243,     'P+DIST_TTC',                        18,     'UNIT',     'CALCUL',     1011),
(1244,     'P',                                 0,     'UNIT',     'PRINCIPAL_SERVICE_CONTEXT',     1012),
(1245,     'PROVISION',                         1,     'UNIT',     'PROVISION_SERVICE_CONTEXT',     1012),
(1246,     'P_EXTERNE',                         2,     'UNIT',     'PRINCIPAL_EXTERNE_SERVICE_CONTEXT',     1012),
(1247,     'PROVISION_EXTERNE',                 3,     'UNIT',     'PROVISION_EXTERNE_SERVICE_CONTEXT',     1012),
(1248,     '_DIST_TTC',                         4,     'UNIT',     'COMMISSION_DISTRIBUTEUR',     1012),
(1249,     '_CMP_TTC',                          5,     'UNIT',     'COMMISSION_COMPAGNIE',     1012),
(1250,     'T',                                 6,     'NONE',     'TAXE',     1012),
(1251,     '"1(1+T)"',                          7,     'NONE',     'CALCUL',     1012),
(1252,     'DIST_TTC',                          8,     'UNIT',     'CALCUL',     1012),
(1253,     'CMP_TTC',                           9,     'UNIT',     'CALCUL',     1012),
(1254,     'CMP_TTC+DIST_TTC',                  10,     'UNIT',     'CALCUL',     1012),
(1255,     'P+PROVISION',                       11,     'UNIT',     'CALCUL',     1012),
(1256,     'SYS_TTC',                           12,     'UNIT',     'CALCUL',     1012),
(1257,     'DIST_CHT',                          13,     'UNIT',     'CALCUL',     1012),
(1258,     'DIST_T',                            14,     'UNIT',     'CALCUL',     1012),
(1259,     'CMP_CHT',                           15,     'UNIT',     'CALCUL',     1012),
(1260,     'CMP_T',                             16,     'UNIT',     'CALCUL',     1012),
(1261,     'SYS_CHT',                           17,     'UNIT',     'CALCUL',     1012),
(1262,     'SYS_T',                             18,     'UNIT',     'CALCUL',     1012),
(1263,     'P+CMP_TTC+DIST_TTC',                19,     'UNIT',     'CALCUL',     1012),
(1264,     'P+DIST_TTC',                        20,     'UNIT',     'CALCUL',     1012),
(1265,     'P_EXTERNE+PROVISION_EXTERNE',       21,     'UNIT',     'CALCUL',     1012),
(1266,     'P',                                 0,     'UNIT',     'PRINCIPAL_SERVICE_CONTEXT',     1013),
(1267,     'PROVISION',                         1,     'UNIT',     'PROVISION_SERVICE_CONTEXT',     1013),
(1268,     'P_EXTERNE',                         2,     'UNIT',     'PRINCIPAL_EXTERNE_SERVICE_CONTEXT',     1013),
(1269,     'PROVISION_EXTERNE',                 3,     'UNIT',     'PROVISION_EXTERNE_SERVICE_CONTEXT',     1013),
(1270,     '_DIST_TTC',                         4,     'UNIT',     'COMMISSION_DISTRIBUTEUR',     1013),
(1271,     '_CMP_TTC',                          5,     'UNIT',     'COMMISSION_COMPAGNIE',     1013),
(1272,     'T',                                 6,     'NONE',     'TAXE',     1013),
(1273,     '"1(1+T)"',                          7,     'NONE',     'CALCUL',     1013),
(1274,     'DIST_TTC',                          8,     'UNIT',     'CALCUL',     1013),
(1275,     'CMP_TTC',                           9,     'UNIT',     'CALCUL',     1013),
(1276,     'CMP_TTC+DIST_TTC',                  10,     'UNIT',     'CALCUL',     1013),
(1277,     'P+PROVISION',                       11,     'UNIT',     'CALCUL',     1013),
(1278,     'SYS_TTC',                           12,     'UNIT',     'CALCUL',     1013),
(1279,     'DIST_CHT',                          13,     'UNIT',     'CALCUL',     1013),
(1280,     'DIST_T',                            14,     'UNIT',     'CALCUL',     1013),
(1281,     'CMP_CHT',                           15,     'UNIT',     'CALCUL',     1013),
(1282,     'CMP_T',                             16,     'UNIT',     'CALCUL',     1013),
(1283,     'SYS_CHT',                           17,     'UNIT',     'CALCUL',     1013),
(1284,     'SYS_T',                             18,     'UNIT',     'CALCUL',     1013),
(1285,     'P+CMP_TTC+DIST_TTC',                19,     'UNIT',     'CALCUL',     1013),
(1286,     'P+DIST_TTC',                        20,     'UNIT',     'CALCUL',     1013),
(1287,     'P_EXTERNE+PROVISION_EXTERNE',       21,     'UNIT',     'CALCUL',     1013),
(1288,     'P',                                 0,     'UNIT',     'PRINCIPAL_SERVICE_CONTEXT',     1014),
(1289,     'PROVISION',                         1,     'UNIT',     'PROVISION_SERVICE_CONTEXT',     1014),
(1290,     '_POS_TTC',                          2,     'UNIT',     'COMMISSION_POS',     1014),
(1291,     '_PI_TTC',                           3,     'UNIT',     'COMMISSION_PARTENAIRE_INTERNE',     1014),
(1292,     '_BANQUE_TTC',                       4,     'UNIT',     'COMMISSION_BANQUE',     1014),
(1293,     'T',                                 5,     'NONE',     'TAXE',     1014),
(1294,     '"1(1+T)"',                          6,     'NONE',     'CALCUL',     1014),
(1295,     'POS_TTC',                           7,     'UNIT',     'CALCUL',     1014),
(1296,     'PI_TTC',                            8,     'UNIT',     'CALCUL',     1014),
(1297,     'BANQUE_TTC',                        9,     'UNIT',     'CALCUL',     1014),
(1298,     'PI_TTC+POS_TTC',                    10,     'UNIT',     'CALCUL',     1014),
(1299,     'BANQUE_TTC+PI_TTC+POS_TTC',         11,     'UNIT',     'CALCUL',     1014),
(1300,     'P+PROVISION',                       12,     'UNIT',     'CALCUL',     1014),
(1301,     'SYS_TTC',                           13,     'UNIT',     'CALCUL',     1014),
(1302,     'POS_CHT',                           14,     'UNIT',     'CALCUL',     1014),
(1303,     'POS_T',                             15,     'UNIT',     'CALCUL',     1014),
(1304,     'PI_CHT',                            16,     'UNIT',     'CALCUL',     1014),
(1305,     'PI_T',                              17,     'UNIT',     'CALCUL',     1014),
(1306,     'BANQUE_CHT',                        18,     'UNIT',     'CALCUL',     1014),
(1307,     'BANQUE_T',                          19,     'UNIT',     'CALCUL',     1014),
(1308,     'SYS_CHT',                           20,     'UNIT',     'CALCUL',     1014),
(1309,     'SYS_T',                             21,     'UNIT',     'CALCUL',     1014),
(1310,     'P+BANQUE_TTC+PI_TTC+POS_TTC',       22,     'UNIT',     'CALCUL',     1014),
(1311,     'P+PI_TTC+POS_TTC',                  23,     'UNIT',     'CALCUL',     1014),
(1312,     'P+POS_TTC',                         24,     'UNIT',     'CALCUL',     1014),
(1313,     'P',                                 0,     'UNIT',     'PRINCIPAL_SERVICE_CONTEXT',     1015),
(1314,     'PROVISION',                         1,     'UNIT',     'PROVISION_SERVICE_CONTEXT',     1015),
(1315,     'P_EXTERNE',                         2,     'UNIT',     'PRINCIPAL_EXTERNE_SERVICE_CONTEXT',     1015),
(1316,     'PROVISION_EXTERNE',                 3,     'UNIT',     'PROVISION_EXTERNE_SERVICE_CONTEXT',     1015),
(1317,     '_POS_TTC',                          4,     'UNIT',     'COMMISSION_POS',     1015),
(1318,     '_PI_TTC',                           5,     'UNIT',     'COMMISSION_PARTENAIRE_INTERNE',     1015),
(1319,     '_BANQUE_TTC',                       6,     'UNIT',     'COMMISSION_BANQUE',     1015),
(1320,     'T',                                 7,     'NONE',     'TAXE',     1015),
(1321,     '"1(1+T)"',                          8,     'NONE',     'CALCUL',     1015),
(1322,     'POS_TTC',                           9,     'UNIT',     'CALCUL',     1015),
(1323,     'PI_TTC',                            10,     'UNIT',     'CALCUL',     1015),
(1324,     'BANQUE_TTC',                        11,     'UNIT',     'CALCUL',     1015),
(1325,     'PI_TTC+POS_TTC',                    12,     'UNIT',     'CALCUL',     1015),
(1326,     'BANQUE_TTC+PI_TTC+POS_TTC',         13,     'UNIT',     'CALCUL',     1015),
(1327,     'P+PROVISION',                       14,     'UNIT',     'CALCUL',     1015),
(1328,     'SYS_TTC',                           15,     'UNIT',     'CALCUL',     1015),
(1329,     'POS_CHT',                           16,     'UNIT',     'CALCUL',     1015),
(1330,     'POS_T',                             17,     'UNIT',     'CALCUL',     1015),
(1331,     'PI_CHT',                            18,     'UNIT',     'CALCUL',     1015),
(1332,     'PI_T',                              19,     'UNIT',     'CALCUL',     1015),
(1333,     'BANQUE_CHT',                        20,     'UNIT',     'CALCUL',     1015),
(1334,     'BANQUE_T',                          21,     'UNIT',     'CALCUL',     1015),
(1335,     'SYS_CHT',                           22,     'UNIT',     'CALCUL',     1015),
(1336,     'SYS_T',                             23,     'UNIT',     'CALCUL',     1015),
(1337,     'P+BANQUE_TTC+PI_TTC+POS_TTC',       24,     'UNIT',     'CALCUL',     1015),
(1338,     'P+PI_TTC+POS_TTC',                  25,     'UNIT',     'CALCUL',     1015),
(1339,     'P+POS_TTC',                         26,     'UNIT',     'CALCUL',     1015),
(1340,     'P_EXTERNE+PROVISION_EXTERNE',       27,     'UNIT',     'CALCUL',     1015),
(1341,     'P',                                 0,     'UNIT',     'PRINCIPAL_SERVICE_CONTEXT',     1016),
(1342,     'PROVISION',                         1,     'UNIT',     'PROVISION_SERVICE_CONTEXT',     1016),
(1343,     'P_EXTERNE',                         2,     'UNIT',     'PRINCIPAL_EXTERNE_SERVICE_CONTEXT',     1016),
(1344,     'PROVISION_EXTERNE',                 3,     'UNIT',     'PROVISION_EXTERNE_SERVICE_CONTEXT',     1016),
(1345,     '_POS_TTC',                          4,     'UNIT',     'COMMISSION_POS',     1016),
(1346,     '_PI_TTC',                           5,     'UNIT',     'COMMISSION_PARTENAIRE_INTERNE',     1016),
(1347,     '_BANQUE_TTC',                       6,     'UNIT',     'COMMISSION_BANQUE',     1016),
(1348,     'T',                                 7,     'NONE',     'TAXE',     1016),
(1349,     '"1(1+T)"',                          8,     'NONE',     'CALCUL',     1016),
(1350,     'POS_TTC',                           9,     'UNIT',     'CALCUL',     1016),
(1351,     'PI_TTC',                            10,     'UNIT',     'CALCUL',     1016),
(1352,     'BANQUE_TTC',                        11,     'UNIT',     'CALCUL',     1016),
(1353,     'PI_TTC+POS_TTC',                    12,     'UNIT',     'CALCUL',     1016),
(1354,     'BANQUE_TTC+PI_TTC+POS_TTC',         13,     'UNIT',     'CALCUL',     1016),
(1355,     'P+PROVISION',                       14,     'UNIT',     'CALCUL',     1016),
(1356,     'SYS_TTC',                           15,     'UNIT',     'CALCUL',     1016),
(1357,     'POS_CHT',                           16,     'UNIT',     'CALCUL',     1016),
(1358,     'POS_T',                             17,     'UNIT',     'CALCUL',     1016),
(1359,     'PI_CHT',                            18,     'UNIT',     'CALCUL',     1016),
(1360,     'PI_T',                              19,     'UNIT',     'CALCUL',     1016),
(1361,     'BANQUE_CHT',                        20,     'UNIT',     'CALCUL',     1016),
(1362,     'BANQUE_T',                          21,     'UNIT',     'CALCUL',     1016),
(1363,     'SYS_CHT',                           22,     'UNIT',     'CALCUL',     1016),
(1364,     'SYS_T',                             23,     'UNIT',     'CALCUL',     1016),
(1365,     'P+BANQUE_TTC+PI_TTC+POS_TTC',       24,     'UNIT',     'CALCUL',     1016),
(1366,     'P+PI_TTC+POS_TTC',                  25,     'UNIT',     'CALCUL',     1016),
(1367,     'P+POS_TTC',                         26,     'UNIT',     'CALCUL',     1016),
(1368,     'P_EXTERNE+PROVISION_EXTERNE',       27,     'UNIT',     'CALCUL',     1016),
(1369,     'P',                                 0,     'UNIT',     'PRINCIPAL',     1017),
(1370,     '_F',                                1,     'UNIT',     'TARIF_TRANSFERT_CASH',     1017),
(1371,     'F',                                 2,     'UNIT',     'CALCUL',     1017),
(1372,     'P+F',                               3,     'UNIT',     'CALCUL',     1017),
(1387,     'P',                                 0,     'UNIT',     'PRINCIPAL',     1019),
(1388,     '_F',                                1,     'UNIT',     'TARIF_TRANSFERT_CASH',     1019),
(1389,     'F',                                 2,     'UNIT',     'CALCUL',     1019),
(1390,     'P+F',                               3,     'UNIT',     'CALCUL',     1019),
(1491,     'P',                                 0,     'UNIT',     'PRINCIPAL',     1027),
(1492,     'F',                                 1,     'UNIT',     'FRAIS_VERSEMENT_CASH',     1027),
(1493,     'TIMBRE',                            2,     'UNIT',     'TIMBRE_VERSEMENT_CASH',     1027),
(1494,     'CMP_TTC',                           3,     'UNIT',     'COMMISSION_COMPAGNIE_VERSEMENT_CASH',     1027),
(1495,     'T',                                 4,     'NONE',     'TAXE',     1027),
(1496,     '"1/(1+T)"',                         5,     'NONE',     'CALCUL',     1027),
(1497,     'P+F',                               6,     'UNIT',     'CALCUL',     1027),
(1498,     'P+F+TIMBRE',                        7,     'UNIT',     'CALCUL',     1027),
(1499,     'SYS_TTC',                           8,     'UNIT',     'CALCUL',     1027),
(1500,     'P+SYS_TTC',                         9,     'UNIT',     'CALCUL',     1027),
(1501,     'CMP_CHT',                           10,     'UNIT',     'CALCUL',     1027),
(1502,     'CMP_T',                             11,     'UNIT',     'CALCUL',     1027),
(1503,     'SYS_CHT',                           12,     'UNIT',     'CALCUL',     1027),
(1504,     'SYS_T',                             13,     'UNIT',     'CALCUL',     1027),
(1505,     'P',                                 0,     'UNIT',     'PRINCIPAL',     1028),
(1506,     'F',                                 1,     'UNIT',     'FRAIS_VERSEMENT_CASH',     1028),
(1507,     'TIMBRE',                            2,     'UNIT',     'TIMBRE_VERSEMENT_CASH',     1028),
(1508,     'PI_TTC',                            3,     'UNIT',     'COMMISSION_PARTENAIRE_INTERNE_VERSEMENT_CASH',     1028),
(1509,     'T',                                 4,     'NONE',     'TAXE',     1028),
(1510,     '"1/(1+T)"',                         5,     'NONE',     'CALCUL',     1028),
(1511,     'P+F',                               6,     'UNIT',     'CALCUL',     1028),
(1512,     'P+F+TIMBRE',                        7,     'UNIT',     'CALCUL',     1028),
(1513,     'SYS_TTC',                           8,     'UNIT',     'CALCUL',     1028),
(1514,     'P+SYS_TTC',                         9,     'UNIT',     'CALCUL',     1028),
(1515,     'P+SYS_TTC+TIMBRE',                  10,     'UNIT',     'CALCUL',     1028),
(1516,     'PI_CHT',                            11,     'UNIT',     'CALCUL',     1028),
(1517,     'PI_T',                              12,     'UNIT',     'CALCUL',     1028),
(1518,     'SYS_CHT',                           13,     'UNIT',     'CALCUL',     1028),
(1519,     'SYS_T',                             14,     'UNIT',     'CALCUL',     1028),
(1520,     'PI_TTC+TIMBRE',                     15,     'UNIT',     'CALCUL',     1028),
(1551,     'P',                                 0,     'UNIT',     'PRINCIPAL',     1031),
(1552,     '_F',                                1,     'UNIT',     'TARIF_TRANSFERT_CASH',     1031),
(1553,     'PE_TTC',                            2,     'UNIT',     'COMMISSION_PARTENAIRE_EXTERNE',     1031),
(1554,     'T',                                 3,     'NONE',     'TAXE',     1031),
(1555,     'F',                                 4,     'UNIT',     'CALCUL',     1031),
(1556,     '"1(1+T)"',                          5,     'NONE',     'CALCUL',     1031),
(1557,     'SYS_TTC',                           6,     'UNIT',     'CALCUL',     1031),
(1558,     'SYS_CHT',                           7,     'UNIT',     'CALCUL',     1031),
(1559,     'SYS_T',                             8,     'UNIT',     'CALCUL',     1031),
(1560,     'P+F',                               9,     'UNIT',     'CALCUL',     1031),
(1561,     'P+PE_TTC',                          10,     'UNIT',     'CALCUL',     1031),
(1562,     'TAUX_CHANGE',                       11,     'NONE',     'EXCHANGE_RATE',     1031),
(1563,     'CONV_P',                            12,     'UNIT',     'CALCUL',     1031),
(1564,     'CONV_PE_TTC',                       13,     'UNIT',     'CALCUL',     1031),
(1565,     'CONV_P+CONV_PE_TTC',                14,     'UNIT',     'CALCUL',     1031),
(1566,     'P',                                 0,     'UNIT',     'PRINCIPAL',     1032),
(1567,     '_F',                                1,     'UNIT',     'TARIF_TRANSFERT_CASH',     1032),
(1568,     'PE_TTC',                            2,     'UNIT',     'COMMISSION_PARTENAIRE_EXTERNE',     1032),
(1569,     'T',                                 3,     'NONE',     'TAXE',     1032),
(1570,     'F',                                 4,     'UNIT',     'CALCUL',     1032),
(1571,     '"1(1+T)"',                          5,     'NONE',     'CALCUL',     1032),
(1572,     'SYS_TTC',                           6,     'UNIT',     'CALCUL',     1032),
(1573,     'SYS_CHT',                           7,     'UNIT',     'CALCUL',     1032),
(1574,     'SYS_T',                             8,     'UNIT',     'CALCUL',     1032),
(1575,     'P+F',                               9,     'UNIT',     'CALCUL',     1032),
(1576,     'P+PE_TTC',                          10,     'UNIT',     'CALCUL',     1032),
(1577,     'TAUX_CHANGE',                       11,     'NONE',     'EXCHANGE_RATE',     1032),
(1578,     'CONV_P',                            12,     'UNIT',     'CALCUL',     1032),
(1579,     'CONV_PE_TTC',                       13,     'UNIT',     'CALCUL',     1032),
(1580,     'CONV_P+CONV_PE_TTC',                 14,     'UNIT',     'CALCUL',     1032),
(1583,     'P+F-(CMP_TTC+DIST_TTC)-SYS_TTC',     21,     'UNIT',     'CALCUL',     1002),
(1584,     'P+F-(CMP_TTC+DIST_TTC)-SYS_TTC',     25,     'UNIT',     'CALCUL',     1003),
(1585,     'P+F-(BANQUE_TTC+PI_TTC+POS_TTC)-SYS_TTC',       26,     'UNIT',     'CALCUL',     1005),
(1586,     'P+F-(BANQUE_TTC+PI_TTC+POS_TTC)-SYS_TTC',       31,     'UNIT',     'CALCUL',     1006),
(1641,     'P',                                             0,     'UNIT',     'PRINCIPAL',     1035),
(1642,     '_F',                                            1,     'UNIT',     'TARIF_TRANSFERT_CASH',     1035),
(1643,     'F',                                             2,     'UNIT',     'CALCUL',     1035),
(1644,     'P+F',                                           3,     'UNIT',     'CALCUL',     1035),
(1645,     'P',                                             0,     'UNIT',     'PRINCIPAL',     1036),
(1646,     '_F',                                            1,     'UNIT',     'TARIF_TRANSFERT_CASH',     1036),
(1647,     'PE_TTC',                                        2,     'UNIT',     'COMMISSION_PARTENAIRE_EXTERNE',     1036),
(1648,     'T',                                             3,     'NONE',     'TAXE',     1036),
(1649,     'F',                                             4,     'UNIT',     'CALCUL',     1036),
(1650,     '"1(1+T)"',                                      5,     'NONE',     'CALCUL',     1036),
(1651,     'SYS_TTC',                                       6,     'UNIT',     'CALCUL',     1036),
(1652,     'SYS_CHT',                                       7,     'UNIT',     'CALCUL',     1036),
(1653,     'SYS_T',                                         8,     'UNIT',     'CALCUL',     1036),
(1654,     'P+F',                                           9,     'UNIT',     'CALCUL',     1036),
(1655,     'P+PE_TTC',                                      10,     'UNIT',     'CALCUL',     1036),
(1656,     'TAUX_CHANGE',                                   11,     'NONE',     'EXCHANGE_RATE',     1036),
(1657,     'CONV_P',                                        12,     'UNIT',     'CALCUL',     1036),
(1658,     'CONV_PE_TTC',                                   13,     'UNIT',     'CALCUL',     1036),
(1659,     'CONV_P+CONV_PE_TTC',                            14,     'UNIT',     'CALCUL',     1036),
(1660,     'P',                                             0,     'UNIT',     'PRINCIPAL_SERVICE_CONTEXT',     1037),
(1661,     'PROVISION',                                     1,     'UNIT',     'PROVISION_SERVICE_CONTEXT',     1037),
(1662,     '_POS_TTC',                                      2,     'UNIT',     'COMMISSION_POS',     1037),
(1663,     '_PI_TTC',                                       3,     'UNIT',     'COMMISSION_PARTENAIRE_INTERNE',     1037),
(1664,     '_BANQUE_TTC',                                   4,     'UNIT',     'COMMISSION_BANQUE',     1037),
(1665,     'T',                                             5,     'NONE',     'TAXE',     1037),
(1666,     '"1(1+T)"',                                      6,     'NONE',     'CALCUL',     1037),
(1667,     'POS_TTC',                                       7,     'UNIT',     'CALCUL',     1037),
(1668,     'PI_TTC',                                        8,     'UNIT',     'CALCUL',     1037),
(1669,     'BANQUE_TTC',                                    9,     'UNIT',     'CALCUL',     1037),
(1670,     'BANQUE_TTC+PI_TTC',                             10,     'UNIT',     'CALCUL',     1037),
(1671,     'P+PROVISION',                                   11,     'UNIT',     'CALCUL',     1037),
(1672,     'SYS_TTC',                                       12,     'UNIT',     'CALCUL',     1037),
(1673,     'PI_CHT',                                        13,     'UNIT',     'CALCUL',     1037),
(1674,     'PI_T',                                          14,     'UNIT',     'CALCUL',     1037),
(1675,     'BANQUE_CHT',                                    15,     'UNIT',     'CALCUL',     1037),
(1676,     'BANQUE_T',                                      16,     'UNIT',     'CALCUL',     1037),
(1677,     'SYS_CHT',                                       17,     'UNIT',     'CALCUL',     1037),
(1678,     'SYS_T',                                         18,     'UNIT',     'CALCUL',     1037),
(1679,     'P+BANQUE_TTC+PI_TTC',                           19,     'UNIT',     'CALCUL',     1037),
(1680,     'P+PI_TTC',                                      20,     'UNIT',     'CALCUL',     1037),
(1681,     'P',                                             0,     'UNIT',     'PRINCIPAL_SERVICE_CONTEXT',     1038),
(1682,     'PROVISION',                                     1,     'UNIT',     'PROVISION_SERVICE_CONTEXT',     1038),
(1683,     'P_EXTERNE',                                     2,     'UNIT',     'PRINCIPAL_EXTERNE_SERVICE_CONTEXT',     1038),
(1684,     'PROVISION_EXTERNE',                             3,     'UNIT',     'PROVISION_EXTERNE_SERVICE_CONTEXT',     1038),
(1685,     '_POS_TTC',                                      4,     'UNIT',     'COMMISSION_POS',     1038),
(1686,     '_PI_TTC',                                       5,     'UNIT',     'COMMISSION_PARTENAIRE_INTERNE',     1038),
(1687,     '_BANQUE_TTC',                                   6,     'UNIT',     'COMMISSION_BANQUE',     1038),
(1688,     'T',                                             7,     'NONE',     'TAXE',     1038),
(1689,     '"1(1+T)"',                                      8,     'NONE',     'CALCUL',     1038),
(1690,     'POS_TTC',                                       9,     'UNIT',     'CALCUL',     1038),
(1691,     'PI_TTC',                                        10,     'UNIT',     'CALCUL',     1038),
(1692,     'BANQUE_TTC',                                    11,     'UNIT',     'CALCUL',     1038),
(1693,     'BANQUE_TTC+PI_TTC',                             12,     'UNIT',     'CALCUL',     1038),
(1694,     'P+PROVISION',                                   13,     'UNIT',     'CALCUL',     1038),
(1695,     'SYS_TTC',                                       14,     'UNIT',     'CALCUL',     1038),
(1696,     'PI_CHT',                                        15,     'UNIT',     'CALCUL',     1038),
(1697,     'PI_T',                                          16,     'UNIT',     'CALCUL',     1038),
(1698,     'BANQUE_CHT',                                    17,     'UNIT',     'CALCUL',     1038),
(1699,     'BANQUE_T',                                      18,     'UNIT',     'CALCUL',     1038),
(1700,     'SYS_CHT',                                       19,     'UNIT',     'CALCUL',     1038),
(1701,     'SYS_T',                                         20,     'UNIT',     'CALCUL',     1038),
(1702,     'P+BANQUE_TTC+PI_TTC',                           21,     'UNIT',     'CALCUL',     1038),
(1703,     'P+PI_TTC',                                      22,     'UNIT',     'CALCUL',     1038),
(1704,     'P_EXTERNE+PROVISION_EXTERNE',                   23,     'UNIT',     'CALCUL',     1038),
(1705,     'P',                                             0,     'UNIT',     'PRINCIPAL_SERVICE_CONTEXT',     1039),
(1706,     'PROVISION',                                     1,     'UNIT',     'PROVISION_SERVICE_CONTEXT',     1039),
(1707,     'P_EXTERNE',                                     2,     'UNIT',     'PRINCIPAL_EXTERNE_SERVICE_CONTEXT',     1039),
(1708,     'PROVISION_EXTERNE',                             3,     'UNIT',     'PROVISION_EXTERNE_SERVICE_CONTEXT',     1039),
(1709,     '_POS_TTC',                                      4,     'UNIT',     'COMMISSION_POS',     1039),
(1710,     '_PI_TTC',                                       5,     'UNIT',     'COMMISSION_PARTENAIRE_INTERNE',     1039),
(1711,     '_BANQUE_TTC',                                   6,     'UNIT',     'COMMISSION_BANQUE',     1039),
(1712,     'T',                                             7,     'NONE',     'TAXE',     1039),
(1713,     '"1(1+T)"',                                      8,     'NONE',     'CALCUL',     1039),
(1714,     'POS_TTC',                                       9,     'UNIT',     'CALCUL',     1039),
(1715,     'PI_TTC',                                        10,     'UNIT',     'CALCUL',     1039),
(1716,     'BANQUE_TTC',                                    11,     'UNIT',     'CALCUL',     1039),
(1717,     'BANQUE_TTC+PI_TTC',                             12,     'UNIT',     'CALCUL',     1039),
(1718,     'P+PROVISION',                                   13,     'UNIT',     'CALCUL',     1039),
(1719,     'SYS_TTC',                                       14,     'UNIT',     'CALCUL',     1039),
(1720,     'PI_CHT',                                        15,     'UNIT',     'CALCUL',     1039),
(1721,     'PI_T',                                          16,     'UNIT',     'CALCUL',     1039),
(1722,     'BANQUE_CHT',                                    17,     'UNIT',     'CALCUL',     1039),
(1723,     'BANQUE_T',                                      18,     'UNIT',     'CALCUL',     1039),
(1724,     'SYS_CHT',                                       19,     'UNIT',     'CALCUL',     1039),
(1725,     'SYS_T',                                         20,     'UNIT',     'CALCUL',     1039),
(1726,     'P+BANQUE_TTC+PI_TTC',                           21,     'UNIT',     'CALCUL',     1039),
(1727,     'P+PI_TTC',                                      22,     'UNIT',     'CALCUL',     1039),
(1728,     'P_EXTERNE+PROVISION_EXTERNE',                   23,     'UNIT',     'CALCUL',     1039),
(1729,     'P',                                             0,     'UNIT',     'PRINCIPAL',     1040),
(1730,     'F',                                             1,     'UNIT',     'FRAIS_VERSEMENT_CASH',     1040),
(1731,     'TIMBRE',                                        2,     'UNIT',     'TIMBRE_VERSEMENT_CASH',     1040),
(1732,     'PI_TTC',                                        3,     'UNIT',     'COMMISSION_PARTENAIRE_INTERNE_VERSEMENT_CASH',     1040),
(1733,     'T',                                             4,     'NONE',     'TAXE',     1040),
(1734,     '"1/(1+T)"',                                     5,     'NONE',     'CALCUL',     1040),
(1735,     'P+F',                                           6,     'UNIT',     'CALCUL',     1040),
(1736,     'P+F+TIMBRE',                                    7,     'UNIT',     'CALCUL',     1040),
(1737,     'SYS_TTC',                                       8,     'UNIT',     'CALCUL',     1040),
(1738,     'P+SYS_TTC',                                     9,     'UNIT',     'CALCUL',     1040),
(1739,     'P+SYS_TTC+TIMBRE',                              10,     'UNIT',     'CALCUL',     1040),
(1740,     'PI_CHT',                                        11,     'UNIT',     'CALCUL',     1040),
(1741,     'PI_T',                                          12,     'UNIT',     'CALCUL',     1040),
(1742,     'SYS_CHT',                                       13,     'UNIT',     'CALCUL',     1040),
(1743,     'SYS_T',                                         14,     'UNIT',     'CALCUL',     1040),
(1744,     'PI_TTC+TIMBRE',                                 15,     'UNIT',     'CALCUL',     1040),
(1818,     'DIST_CHT',                                      13,     'UNIT',     'CALCUL',     1043),
(1819,     'DIST_T',                                        14,     'UNIT',     'CALCUL',     1043),
(1820,     'CMP_CHT',                                       15,     'UNIT',     'CALCUL',     1043),
(1821,     'CMP_T',                                         16,     'UNIT',     'CALCUL',     1043),
(1822,     'CMP_TTC+DIST_TTC',                              17,     'UNIT',     'CALCUL',     1043),
(1823,     'SYS_TTC',                                       18,     'UNIT',     'CALCUL',     1043),
(1824,     'SYS_CHT',                                       19,     'UNIT',     'CALCUL',     1043),
(1825,     'SYS_T',                                         20,     'UNIT',     'CALCUL',     1043),
(1826,     'TAUX_CHANGE',                                   21,     'NONE',     'EXCHANGE_RATE',     1043),
(1827,     'CONV_P',                                        22,     'MONETARY',     'CALCUL',     1043),
(1828,     'CONV_PROVISION',                                23,     'UNIT',     'CALCUL',     1043),
(1829,     'P+F',                                           24,     'UNIT',     'CALCUL',     1043),
(1830,     'P+F-(CMP_TTC+DIST_TTC)',                        25,     'UNIT',     'CALCUL',     1043),
(1831,     'P+F-(CMP_TTC+DIST_TTC)-SYS_TTC',                26,     'UNIT',     'CALCUL',     1043),
(1832,     'CONV_P+CONV_PROVISION',                         27,     'UNIT',     'CALCUL',     1043),
(1833,     'P',                                             0,     'UNIT',     'PRINCIPAL',     1044),
(1834,     '_F',                                            1,     'UNIT',     'TARIF_TRANSFERT_CASH',     1044),
(1835,     'F_PLUS',                                        2,     'UNIT',     'FRAIS_TRANSFERT_ADDITIONNEL',     1044),
(1836,     '_DIST_TTC',                                     3,     'UNIT',     'COMMISSION_DISTRIBUTEUR',     1044),
(1837,     '_CMP_TTC',                                      4,     'UNIT',     'COMMISSION_COMPAGNIE',     1044),
(1838,     'DIST_TTC_PLUS',                                 5,     'UNIT',     'COMMISSION_DISTRIBUTEUR_ADDITIONNELLE',     1044),
(1839,     'CMP_TTC_PLUS',                                  6,     'UNIT',     'COMMISSION_COMPAGNIE_ADDITIONNELLE',     1044),
(1840,     'PE_TTC',                                        7,     'UNIT',     'COMMISSION_PARTENAIRE_EXTERNE',     1044),
(1841,     'F',                                             8,     'UNIT',     'CALCUL',     1044),
(1842,     'DIST_TTC',                                      9,     'UNIT',     'CALCUL',     1044),
(1843,     'CMP_TTC',                                       10,     'UNIT',     'CALCUL',     1044),
(1844,     'T',                                             11,     'NONE',     'TAXE',     1044),
(1845,     '"1(1+T)"',                                      12,     'NONE',     'CALCUL',     1044),
(1846,     'DIST_CHT',                                      13,     'UNIT',     'CALCUL',     1044),
(1847,     'DIST_T',                                        14,     'UNIT',     'CALCUL',     1044),
(1848,     'CMP_CHT',                                       15,     'UNIT',     'CALCUL',     1044),
(1849,     'CMP_T',                                         16,     'UNIT',     'CALCUL',     1044),
(1850,     'CMP_TTC+DIST_TTC',                              17,     'UNIT',     'CALCUL',     1044),
(1851,     'SYS_TTC',                                       18,     'UNIT',     'CALCUL',     1044),
(1852,     'SYS_CHT',                                       19,     'UNIT',     'CALCUL',     1044),
(1853,     'SYS_T',                                         20,     'UNIT',     'CALCUL',     1044),
(1854,     'TAUX_CHANGE_1',                                 21,     'NONE',     'EXCHANGE_RATE',     1044),
(1855,     'CONV_P',                                        22,     'MONETARY',     'CALCUL',     1044),
(1856,     'P+F',                                           23,     'UNIT',     'CALCUL',     1044),
(1857,     'CONV_PE_TTC',                                   24,     'UNIT',     'CALCUL',     1044),
(1858,     'P+F-(CMP_TTC+DIST_TTC)',                        25,     'UNIT',     'CALCUL',     1044),
(1859,     'P+F-(CMP_TTC+DIST_TTC)-SYS_TTC',                26,     'UNIT',     'CALCUL',     1044),
(1860,     'CONV_P+CONV_PE_TTC',                            27,     'UNIT',     'CALCUL',     1044),
(1861,     'TAUX_CHANGE_2',                                 28,     'NONE',     'EXCHANGE_RATE',     1044),
(1862,     'CONV_CONV_P',                                   29,     'UNIT',     'CALCUL',     1044),
(1863,     'CONV_CONV_PE_TTC',                              30,     'UNIT',     'CALCUL',     1044),
(1864,     'CONV_CONV_P+CONV_CONV_PE_TTC',                  31,     'UNIT',     'CALCUL',     1044),
(1865,     'P',                                             0,     'UNIT',     'PRINCIPAL',     1045),
(1866,     'F',                                             1,     'UNIT',     'TARIF_TRANSFERT_CASH',     1045),
(1867,     'POS_TTC',                                       2,     'UNIT',     'COMMISSION_POS',     1045),
(1868,     '_PI_TTC',                                       3,     'UNIT',     'COMMISSION_PARTENAIRE_INTERNE',     1045),
(1869,     'BANQUE_TTC',                                    4,     'UNIT',     'COMMISSION_BANQUE',     1045),
(1870,     'PROVISION',                                     5,     'UNIT',     'RESERVE_COMMISSION',     1045),
(1871,     'T',                                             6,     'NONE',     'TAXE',     1045),
(1872,     '"1/(1+T)"',                                     7,     'NONE',     'CALCUL',     1045),
(1873,     'PI_TTC',                                        8,     'UNIT',     'CALCUL',     1045),
(1874,     'PI_CHT',                                        9,     'UNIT',     'CALCUL',     1045),
(1875,     'PI_T',                                          10,     'UNIT',     'CALCUL',     1045),
(1876,     'BANQUE_CHT',                                    11,     'UNIT',     'CALCUL',     1045),
(1877,     'BANQUE_T',                                      12,     'UNIT',     'CALCUL',     1045),
(1878,     'BANQUE_TTC+PI_TTC',                             13,     'UNIT',     'CALCUL',     1045),
(1879,     'SYS_TTC',                                       14,     'UNIT',     'CALCUL',     1045),
(1880,     'BANQUE_TTC+PI_TTC+SYS_TTC',                     15,     'UNIT',     'CALCUL',     1045),
(1881,     'SYS_CHT',                                       16,     'UNIT',     'CALCUL',     1045),
(1882,     'SYS_T',                                         17,     'UNIT',     'CALCUL',     1045),
(1883,     'TAUX_CHANGE',                                   18,     'NONE',     'EXCHANGE_RATE',     1045),
(1884,     'CONV_P',                                        19,     'MONETARY',     'CALCUL',     1045),
(1885,     'CONV_PROVISION',                                20,     'UNIT',     'CALCUL',     1045),
(1886,     'P+F',                                           21,     'UNIT',     'CALCUL',     1045),
(1887,     'CONV_P+CONV_PROVISION',                         22,     'UNIT',     'CALCUL',     1045),
(1888,     'P+F-(PI_TTC)',                                  23,     'UNIT',     'CALCUL',     1045),
(1889,     'P+F-(BANQUE_TTC+PI_TTC)',                       24,     'UNIT',     'CALCUL',     1045),
(1890,     'P+F-(BANQUE_TTC+PI_TTC+SYS_TTC)',               25,     'UNIT',     'CALCUL',     1045),
(1891,     'P',                                             0,     'UNIT',     'PRINCIPAL',     1046),
(1892,     'F',                                             1,     'UNIT',     'TARIF_TRANSFERT_CASH',     1046),
(1893,     'POS_TTC',                                       2,     'UNIT',     'COMMISSION_POS',     1046),
(1894,     '_PI_TTC',                                       3,     'UNIT',     'COMMISSION_PARTENAIRE_INTERNE',     1046),
(1895,     'BANQUE_TTC',                                    4,     'UNIT',     'COMMISSION_BANQUE',     1046),
(1896,     'PE_TTC',                                        5,     'UNIT',     'COMMISSION_PARTENAIRE_EXTERNE',     1046),
(1897,     'T',                                             6,     'NONE',     'TAXE',     1046),
(1898,     '"1(1+T)"',                                      7,     'NONE',     'CALCUL',     1046),
(1899,     'PI_TTC',                                        8,     'UNIT',     'CALCUL',     1046),
(1900,     'PI_CHT',                                        9,     'UNIT',     'CALCUL',     1046),
(1901,     'PI_T',                                          10,     'UNIT',     'CALCUL',     1046),
(1902,     'BANQUE_CHT',                                    11,     'UNIT',     'CALCUL',     1046),
(1903,     'BANQUE_T',                                      12,     'UNIT',     'CALCUL',     1046),
(1904,     'BANQUE_TTC+PI_TTC',                             13,     'UNIT',     'CALCUL',     1046),
(1905,     'SYS_TTC',                                       14,     'UNIT',     'CALCUL',     1046),
(1906,     'BANQUE_TTC+PI_TTC+SYS_TTC',                     15,     'UNIT',     'CALCUL',     1046),
(1907,     'SYS_CHT',                                       16,     'UNIT',     'CALCUL',     1046),
(1908,     'SYS_T',                                         17,     'UNIT',     'CALCUL',     1046),
(1909,     'TAUX_CHANGE_1',                                 18,     'NONE',     'EXCHANGE_RATE',     1046),
(1910,     'CONV_P',                                        19,     'MONETARY',     'CALCUL',     1046),
(1911,     'P+F',                                           20,     'UNIT',     'CALCUL',     1046),
(1912,     'CONV_PE_TTC',                                   21,     'UNIT',     'CALCUL',     1046),
(1913,     'P+F-(PI_TTC)',                                  22,     'UNIT',     'CALCUL',     1046),
(1914,     'P+F-(BANQUE_TTC+PI_TTC)',                       23,     'UNIT',     'CALCUL',     1046),
(1915,     'P+F-(BANQUE_TTC+PI_TTC+SYS_TTC)',               24,     'UNIT',     'CALCUL',     1046),
(1916,     'CONV_P+CONV_PE_TTC',                            25,     'UNIT',     'CALCUL',     1046),
(1917,     'TAUX_CHANGE_2',                                 26,     'NONE',     'EXCHANGE_RATE',     1046),
(1918,     'CONV_CONV_P',                                   27,     'UNIT',     'CALCUL',     1046),
(1919,     'CONV_CONV_PE_TTC',                              28,     'UNIT',     'CALCUL',     1046),
(1920,     'CONV_CONV_P+CONV_CONV_PE_TTC',                  29,     'UNIT',     'CALCUL',     1046);

insert into montant_param_schema_comptable(mpsc_id,mpsc_msc_id,mpsc_pr_id) values
(1024,   1045,   1009),
(1027,   1048,   1009),
(1028,   1049,   1009),
(1029,   1059,   1016),
(1030,   1059,   1017),
(1031,   1060,   1010),
(1032,   1061,   1010),
(1033,   1066,   1009),
(1036,   1069,   1009),
(1037,   1070,   1009),
(1038,   1080,   1016),
(1039,   1080,   1017),
(1040,   1081,   1010),
(1041,   1083,   1010),
(1042,   1086,   1013),
(1043,   1086,   1019),
(1044,   1087,   1011),
(1045,   1088,   1011),
(1046,   1090,   1021),
(1047,   1091,   1031),
(1048,   1091,   1017),
(1049,   1092,   1010),
(1050,   1093,   1000),
(1051,   1093,   1010),
(1052,   1094,   1013),
(1053,   1094,   1020),
(1054,   1095,   1012),
(1055,   1096,   1012),
(1056,   1097,   1010),
(1057,   1098,   1012),
(1058,   1100,   1009),
(1059,   1101,   1009),
(1060,   1102,   1009),
(1061,   1103,   1009),
(1062,   1104,   1009),
(1063,   1105,   1009),
(1064,   1118,   1016),
(1065,   1118,   1017),
(1066,   1119,   1010),
(1067,   1120,   1010),
(1068,   1126,   1009),
(1069,   1127,   1009),
(1070,   1128,   1009),
(1071,   1129,   1009),
(1072,   1130,   1009),
(1073,   1131,   1009),
(1074,   1144,   1016),
(1075,   1144,   1017),
(1076,   1145,   1010),
(1077,   1147,   1010),
(1078,   1152,   1013),
(1079,   1152,   1019),
(1080,   1153,   1011),
(1081,   1154,   1011),
(1100,   1229,   1009),
(1103,   1250,   1009),
(1106,   1272,   1009),
(1107,   1290,   1009),
(1108,   1291,   1009),
(1109,   1292,   1009),
(1110,   1293,   1009),
(1111,   1317,   1009),
(1112,   1318,   1009),
(1113,   1319,   1009),
(1114,   1320,   1009),
(1115,   1345,   1009),
(1116,   1346,   1009),
(1117,   1347,   1009),
(1118,   1348,   1009),
(1119,   1370,   1009),
(1127,   1388,   1009),
(1035,   1068,   1001),
(1025,   1046,   1001),
(1104,   1270,   1001),
(1099,   1228,   1001),
(1026,   1047,   1001),
(1102,   1249,   1001),
(1034,   1067,   1001),
(1101,   1248,   1001),
(1105,   1271,   1001),
(1098,   1227,   1001),
(1159,   1492,   1009),
(1160,   1493,   1009),
(1161,   1494,   1009),
(1162,   1495,   1009),
(1163,   1506,   1009),
(1164,   1507,   1009),
(1165,   1508,   1009),
(1166,   1509,   1009),
(1181,   1552,   1009),
(1182,   1553,   1009),
(1183,   1554,   1009),
(1184,   1562,   1016),
(1185,   1562,   1019),
(1186,   1563,   1011),
(1187,   1564,   1011),
(1188,   1567,   1009),
(1189,   1568,   1009),
(1190,   1569,   1009),
(1191,   1577,   1016),
(1192,   1577,   1019),
(1193,   1578,   1011),
(1194,   1579,   1011),
(1219,   1642,   1009),
(1220,   1646,   1009),
(1221,   1647,   1009),
(1222,   1648,   1009),
(1223,   1656,   1016),
(1224,   1656,   1019),
(1225,   1657,   1011),
(1226,   1658,   1011),
(1227,   1662,   1009),
(1228,   1663,   1009),
(1229,   1664,   1009),
(1230,   1665,   1009),
(1231,   1685,   1009),
(1232,   1686,   1009),
(1233,   1687,   1009),
(1234,   1688,   1009),
(1235,   1709,   1009),
(1236,   1710,   1009),
(1237,   1711,   1009),
(1238,   1712,   1009),
(1239,   1730,   1009),
(1240,   1731,   1009),
(1241,   1732,   1009),
(1242,   1733,   1009),
(1269,   1806,   1009),
(1272,   1810,   1009),
(1273,   1811,   1009),
(1274,   1812,   1009),
(1275,   1816,   1009),
(1276,   1826,   1016),
(1277,   1826,   1017),
(1278,   1827,   1010),
(1279,   1828,   1010),
(1280,   1834,   1009),
(1283,   1838,   1009),
(1284,   1839,   1009),
(1285,   1840,   1009),
(1286,   1844,   1009),
(1287,   1854,   1016),
(1288,   1854,   1017),
(1289,   1855,   1010),
(1290,   1857,   1010),
(1291,   1861,   1013),
(1292,   1861,   1019),
(1293,   1862,   1011),
(1294,   1863,   1011),
(1270,   1808,   1001),
(1282,   1837,   1001),
(1281,   1836,   1001),
(1271,   1809,   1001),
(1295,   1866,   1009),
(1296,   1867,   1009),
(1297,   1868,   1009),
(1298,   1869,   1009),
(1299,   1870,   1009),
(1300,   1871,   1009),
(1301,   1883,   1016),
(1302,   1883,   1017),
(1303,   1884,   1010),
(1304,   1885,   1010),
(1305,   1892,   1009),
(1306,   1893,   1009),
(1307,   1894,   1009),
(1308,   1895,   1009),
(1309,   1896,   1009),
(1310,   1897,   1009),
(1311,   1909,   1016),
(1312,   1909,   1017),
(1313,   1910,   1010),
(1314,   1912,   1010),
(1315,   1917,   1013),
(1316,   1917,   1019),
(1317,   1918,   1011),
(1318,   1919,   1011);

insert into compte_schema_comptable(csc_id,csc_pr_id,csc_sc_id,csc_tc_code) values
(1018,   1000,   1002,   'COURANT'),
(1019,   1000,   1002,   'OPERATION'),
(1020,   1001,   1002,   'TIERS'),
(1021,   1001,   1002,   'COURANT'),
(1022,   1001,   1002,   'OPERATION'),
(1023,   1002,   1002,   'TIERS'),
(1024,   1002,   1002,   'COMPENSE'),
(1025,   1008,   1002,   'COMPENSE'),
(1026,   1008,   1002,   'ATTENTE'),
(1027,   1000,   1003,   'COURANT'),
(1028,   1000,   1003,   'OPERATION'),
(1029,   1001,   1003,   'TIERS'),
(1030,   1001,   1003,   'COURANT'),
(1031,   1001,   1003,   'OPERATION'),
(1032,   1002,   1003,   'TIERS'),
(1033,   1002,   1003,   'COMPENSE'),
(1034,   1008,   1003,   'COMPENSE'),
(1035,   1008,   1003,   'ATTENTE'),
(1036,   1005,   1003,   'COMPENSE'),
(1037,   1005,   1003,   'TIERS'),
(1038,   1004,   1003,   'COURANT'),
(1039,   1004,   1003,   'OPERATION'),
(1040,   1000,   1004,   'COURANT'),
(1041,   1000,   1004,   'OPERATION'),
(1042,   1001,   1004,   'TIERS'),
(1043,   1001,   1004,   'COMPENSE'),
(1044,   1008,   1004,   'COMPENSE'),
(1045,   1008,   1004,   'ATTENTE'),
(1046,   1000,   1005,   'COURANT'),
(1047,   1000,   1005,   'OPERATION'),
(1048,   1001,   1005,   'TIERS'),
(1049,   1001,   1005,   'COURANT'),
(1050,   1001,   1005,   'OPERATION'),
(1051,   1002,   1005,   'TIERS'),
(1052,   1002,   1005,   'COURANT'),
(1053,   1002,   1005,   'OPERATION'),
(1054,   1003,   1005,   'TIERS'),
(1055,   1003,   1005,   'COMPENSE'),
(1056,   1008,   1005,   'COMPENSE'),
(1057,   1008,   1005,   'ATTENTE'),
(1058,   1000,   1006,   'COURANT'),
(1059,   1000,   1006,   'OPERATION'),
(1060,   1001,   1006,   'TIERS'),
(1061,   1001,   1006,   'COURANT'),
(1062,   1001,   1006,   'OPERATION'),
(1063,   1002,   1006,   'TIERS'),
(1064,   1002,   1006,   'COURANT'),
(1065,   1002,   1006,   'OPERATION'),
(1066,   1003,   1006,   'TIERS'),
(1067,   1003,   1006,   'COMPENSE'),
(1068,   1008,   1006,   'COMPENSE'),
(1069,   1008,   1006,   'ATTENTE'),
(1070,   1005,   1006,   'COMPENSE'),
(1071,   1005,   1006,   'TIERS'),
(1072,   1004,   1006,   'COURANT'),
(1073,   1004,   1006,   'OPERATION'),
(1322,   1000,   1031,   'COURANT'),
(1323,   1000,   1031,   'OPERATION'),
(1324,   1001,   1031,   'TIERS'),
(1325,   1001,   1031,   'OPERATION'),
(1326,   1002,   1031,   'TIERS'),
(1327,   1002,   1031,   'OPERATION'),
(1328,   1003,   1031,   'TIERS'),
(1329,   1003,   1031,   'COMPENSE'),
(1330,   1003,   1031,   'ATTENTE'),
(1331,   1005,   1031,   'COMPENSE'),
(1332,   1005,   1031,   'TIERS'),
(1109,   1002,   1011,   'ATTENTE'),
(1110,   1002,   1011,   'COMPENSE'),
(1111,   1002,   1011,   'TIERS'),
(1112,   1001,   1011,   'OPERATION'),
(1113,   1001,   1011,   'TIERS'),
(1114,   1001,   1011,   'COURANT'),
(1115,   1000,   1011,   'OPERATION'),
(1116,   1000,   1011,   'COURANT'),
(1117,   1004,   1012,   'COURANT'),
(1118,   1004,   1012,   'OPERATION'),
(1119,   1005,   1012,   'TIERS'),
(1120,   1005,   1012,   'COMPENSE'),
(1121,   1002,   1012,   'COMPENSE'),
(1122,   1002,   1012,   'TIERS'),
(1123,   1001,   1012,   'OPERATION'),
(1124,   1001,   1012,   'TIERS'),
(1125,   1001,   1012,   'COURANT'),
(1126,   1000,   1012,   'OPERATION'),
(1333,   1004,   1031,   'COURANT'),
(1127,   1000,   1012,   'COURANT'),
(1128,   1004,   1013,   'COURANT'),
(1129,   1004,   1013,   'OPERATION'),
(1130,   1005,   1013,   'TIERS'),
(1131,   1005,   1013,   'COMPENSE'),
(1132,   1002,   1013,   'COMPENSE'),
(1133,   1002,   1013,   'TIERS'),
(1134,   1001,   1013,   'OPERATION'),
(1135,   1001,   1013,   'TIERS'),
(1136,   1001,   1013,   'COURANT'),
(1137,   1000,   1013,   'OPERATION'),
(1138,   1000,   1013,   'COURANT'),
(1139,   1003,   1014,   'ATTENTE'),
(1140,   1003,   1014,   'COMPENSE'),
(1141,   1003,   1014,   'TIERS'),
(1142,   1002,   1014,   'OPERATION'),
(1143,   1002,   1014,   'TIERS'),
(1144,   1002,   1014,   'COURANT'),
(1145,   1001,   1014,   'OPERATION'),
(1146,   1001,   1014,   'TIERS'),
(1147,   1001,   1014,   'COURANT'),
(1148,   1000,   1014,   'OPERATION'),
(1149,   1000,   1014,   'COURANT'),
(1150,   1004,   1015,   'COURANT'),
(1151,   1004,   1015,   'OPERATION'),
(1152,   1005,   1015,   'TIERS'),
(1153,   1005,   1015,   'COMPENSE'),
(1154,   1003,   1015,   'COMPENSE'),
(1155,   1003,   1015,   'TIERS'),
(1156,   1002,   1015,   'OPERATION'),
(1157,   1002,   1015,   'TIERS'),
(1158,   1002,   1015,   'COURANT'),
(1159,   1001,   1015,   'OPERATION'),
(1160,   1001,   1015,   'TIERS'),
(1161,   1001,   1015,   'COURANT'),
(1162,   1000,   1015,   'OPERATION'),
(1163,   1000,   1015,   'COURANT'),
(1164,   1004,   1016,   'COURANT'),
(1165,   1004,   1016,   'OPERATION'),
(1166,   1005,   1016,   'TIERS'),
(1167,   1005,   1016,   'COMPENSE'),
(1168,   1003,   1016,   'COMPENSE'),
(1169,   1003,   1016,   'TIERS'),
(1170,   1002,   1016,   'OPERATION'),
(1171,   1002,   1016,   'TIERS'),
(1172,   1002,   1016,   'COURANT'),
(1173,   1001,   1016,   'OPERATION'),
(1174,   1001,   1016,   'TIERS'),
(1175,   1001,   1016,   'COURANT'),
(1176,   1000,   1016,   'OPERATION'),
(1177,   1000,   1016,   'COURANT'),
(1178,   1000,   1017,   'COURANT'),
(1179,   1000,   1017,   'OPERATION'),
(1180,   1001,   1017,   'TIERS'),
(1181,   1001,   1017,   'OPERATION'),
(1182,   1002,   1017,   'TIERS'),
(1183,   1002,   1017,   'OPERATION'),
(1184,   1003,   1017,   'TIERS'),
(1185,   1003,   1017,   'ATTENTE'),
(1334,   1004,   1031,   'OPERATION'),
(1335,   1000,   1032,   'COURANT'),
(1336,   1000,   1032,   'OPERATION'),
(1337,   1001,   1032,   'TIERS'),
(1338,   1001,   1032,   'OPERATION'),
(1339,   1002,   1032,   'TIERS'),
(1340,   1002,   1032,   'COMPENSE'),
(1341,   1002,   1032,   'ATTENTE'),
(1342,   1005,   1032,   'COMPENSE'),
(1343,   1005,   1032,   'TIERS'),
(1344,   1004,   1032,   'COURANT'),
(1345,   1004,   1032,   'OPERATION'),
(1199,   1000,   1019,   'COURANT'),
(1200,   1000,   1019,   'OPERATION'),
(1201,   1001,   1019,   'TIERS'),
(1202,   1001,   1019,   'OPERATION'),
(1203,   1002,   1019,   'TIERS'),
(1204,   1002,   1019,   'ATTENTE'),
(1448,   1000,   1043,   'COURANT'),
(1449,   1000,   1043,   'OPERATION'),
(1450,   1001,   1043,   'TIERS'),
(1451,   1001,   1043,   'COURANT'),
(1452,   1001,   1043,   'OPERATION'),
(1453,   1002,   1043,   'TIERS'),
(1454,   1002,   1043,   'COMPENSE'),
(1455,   1008,   1043,   'COMPENSE'),
(1456,   1008,   1043,   'ATTENTE'),
(1457,   1000,   1044,   'COURANT'),
(1458,   1000,   1044,   'OPERATION'),
(1459,   1001,   1044,   'TIERS'),
(1460,   1001,   1044,   'COURANT'),
(1461,   1001,   1044,   'OPERATION'),
(1462,   1002,   1044,   'TIERS'),
(1463,   1002,   1044,   'COMPENSE'),
(1464,   1008,   1044,   'COMPENSE'),
(1465,   1008,   1044,   'ATTENTE'),
(1466,   1005,   1044,   'COMPENSE'),
(1467,   1005,   1044,   'TIERS'),
(1468,   1004,   1044,   'COURANT'),
(1469,   1004,   1044,   'OPERATION'),
(1277,   1000,   1027,   'OPERATION'),
(1278,   1000,   1027,   'COURANT'),
(1279,   1001,   1027,   'TIERS'),
(1280,   1001,   1027,   'COMPENSE'),
(1281,   1004,   1027,   'OPERATION'),
(1282,   1004,   1027,   'COURANT'),
(1283,   1005,   1027,   'OPERATION'),
(1284,   1005,   1027,   'TIERS'),
(1285,   1000,   1028,   'OPERATION'),
(1286,   1000,   1028,   'COURANT'),
(1287,   1001,   1028,   'TIERS'),
(1288,   1001,   1028,   'COURANT'),
(1289,   1001,   1028,   'OPERATION'),
(1290,   1002,   1028,   'TIERS'),
(1291,   1002,   1028,   'COMPENSE'),
(1292,   1004,   1028,   'OPERATION'),
(1293,   1004,   1028,   'COURANT'),
(1294,   1005,   1028,   'OPERATION'),
(1295,   1005,   1028,   'TIERS'),
(1296,   1006,   1028,   'OPERATION'),
(1297,   1006,   1028,   'TIERS'),
(1368,   1000,   1035,   'COURANT'),
(1369,   1000,   1035,   'OPERATION'),
(1370,   1001,   1035,   'TIERS'),
(1371,   1001,   1035,   'OPERATION'),
(1372,   1002,   1035,   'TIERS'),
(1373,   1002,   1035,   'ATTENTE'),
(1374,   1000,   1036,   'COURANT'),
(1375,   1000,   1036,   'OPERATION'),
(1376,   1001,   1036,   'TIERS'),
(1377,   1001,   1036,   'OPERATION'),
(1378,   1002,   1036,   'TIERS'),
(1379,   1002,   1036,   'COMPENSE'),
(1380,   1002,   1036,   'ATTENTE'),
(1381,   1005,   1036,   'COMPENSE'),
(1382,   1005,   1036,   'TIERS'),
(1383,   1004,   1036,   'COURANT'),
(1384,   1004,   1036,   'OPERATION'),
(1385,   1002,   1037,   'ATTENTE'),
(1386,   1002,   1037,   'COMPENSE'),
(1387,   1002,   1037,   'TIERS'),
(1388,   1001,   1037,   'OPERATION'),
(1389,   1001,   1037,   'TIERS'),
(1390,   1001,   1037,   'COURANT'),
(1391,   1000,   1037,   'OPERATION'),
(1392,   1000,   1037,   'COURANT'),
(1393,   1004,   1038,   'COURANT'),
(1394,   1004,   1038,   'OPERATION'),
(1395,   1005,   1038,   'TIERS'),
(1396,   1005,   1038,   'COMPENSE'),
(1397,   1002,   1038,   'COMPENSE'),
(1398,   1002,   1038,   'TIERS'),
(1399,   1001,   1038,   'OPERATION'),
(1400,   1001,   1038,   'TIERS'),
(1401,   1001,   1038,   'COURANT'),
(1402,   1000,   1038,   'OPERATION'),
(1403,   1000,   1038,   'COURANT'),
(1404,   1004,   1039,   'COURANT'),
(1405,   1004,   1039,   'OPERATION'),
(1406,   1005,   1039,   'TIERS'),
(1407,   1005,   1039,   'COMPENSE'),
(1408,   1002,   1039,   'COMPENSE'),
(1409,   1002,   1039,   'TIERS'),
(1410,   1001,   1039,   'OPERATION'),
(1411,   1001,   1039,   'TIERS'),
(1412,   1001,   1039,   'COURANT'),
(1413,   1000,   1039,   'OPERATION'),
(1414,   1000,   1039,   'COURANT'),
(1415,   1000,   1040,   'OPERATION'),
(1416,   1000,   1040,   'COURANT'),
(1417,   1001,   1040,   'TIERS'),
(1418,   1001,   1040,   'COURANT'),
(1419,   1001,   1040,   'OPERATION'),
(1420,   1002,   1040,   'TIERS'),
(1421,   1002,   1040,   'COMPENSE'),
(1422,   1004,   1040,   'OPERATION'),
(1423,   1004,   1040,   'COURANT'),
(1424,   1005,   1040,   'OPERATION'),
(1425,   1005,   1040,   'TIERS'),
(1470,   1000,   1045,   'COURANT'),
(1471,   1000,   1045,   'OPERATION'),
(1472,   1001,   1045,   'TIERS'),
(1473,   1001,   1045,   'COURANT'),
(1474,   1001,   1045,   'OPERATION'),
(1475,   1002,   1045,   'TIERS'),
(1476,   1002,   1045,   'COMPENSE'),
(1477,   1008,   1045,   'COMPENSE'),
(1478,   1008,   1045,   'ATTENTE'),
(1479,   1000,   1046,   'COURANT'),
(1480,   1000,   1046,   'OPERATION'),
(1481,   1001,   1046,   'TIERS'),
(1482,   1001,   1046,   'COURANT'),
(1483,   1001,   1046,   'OPERATION'),
(1484,   1002,   1046,   'TIERS'),
(1485,   1002,   1046,   'COMPENSE'),
(1486,   1008,   1046,   'COMPENSE'),
(1487,   1008,   1046,   'ATTENTE'),
(1488,   1005,   1046,   'COMPENSE'),
(1489,   1005,   1046,   'TIERS'),
(1490,   1004,   1046,   'COURANT'),
(1491,   1004,   1046,   'OPERATION');

insert into ecriture_schema_comptable(esc_id,esc_direction,esc_rang,esc_ce_code,esc_csc_id,esc_msc_id,esc_sc_id) values
(1037,  'DEBIT',  0,  'PRINCIPAL',  1018,  1044,  1002),
(1038,  'DEBIT',  1,  'FRAIS',  1018,  1045,  1002),
(1039,  'CREDIT',  2,  'COMMISSION_HORS_TAXE',  1018,  1051,  1002),
(1040,  'CREDIT',  3,  'COMMISSION_TAXE',  1018,  1052,  1002),
(1041,  'CREDIT',  4,  'ENCAISSEMENT_CASH',  1019,  1062,  1002),
(1042,  'DEBIT',  5,  'ENCAISSEMENT_CASH',  1020,  1062,  1002),
(1043,  'CREDIT',  6,  'COMMISSION_TTC',  1020,  1046,  1002),
(1044,  'CREDIT',  7,  'COMMISSION_HORS_TAXE',  1021,  1053,  1002),
(1045,  'CREDIT',  8,  'COMMISSION_TAXE',  1021,  1054,  1002),
(1046,  'CREDIT',  9,  'DETTE',  1022,  1063,  1002),
(1047,  'DEBIT',  10,  'ENCAISSEMENT_CASH',  1023,  1062,  1002),
(1048,  'CREDIT',  11,  'COMMISSION_TTC',  1023,  1055,  1002),
(1050,  'CREDIT',  13,  'COMMISSION_HORS_TAXE',  1024,  1057,  1002),
(1051,  'CREDIT',  14,  'COMMISSION_TAXE',  1024,  1058,  1002),
(1052,  'DEBIT',  15,  'CREANCE',  1025,  1064,  1002),
(1053,  'CREDIT',  16,  'ATTENTE_TRANSFERT',  1026,  1060,  1002),
(1054,  'CREDIT',  17,  'PROVISION',  1026,  1061,  1002),
(1055,  'DEBIT',  0,  'PRINCIPAL',  1027,  1065,  1003),
(1056,  'DEBIT',  1,  'FRAIS',  1027,  1066,  1003),
(1057,  'CREDIT',  2,  'COMMISSION_HORS_TAXE',  1027,  1072,  1003),
(1058,  'CREDIT',  3,  'COMMISSION_TAXE',  1027,  1073,  1003),
(1059,  'CREDIT',  4,  'ENCAISSEMENT_CASH',  1028,  1082,  1003),
(1060,  'DEBIT',  5,  'ENCAISSEMENT_CASH',  1029,  1082,  1003),
(1061,  'CREDIT',  6,  'COMMISSION_TTC',  1029,  1067,  1003),
(1062,  'CREDIT',  7,  'COMMISSION_HORS_TAXE',  1030,  1074,  1003),
(1063,  'CREDIT',  8,  'COMMISSION_TAXE',  1030,  1075,  1003),
(1064,  'CREDIT',  9,  'DETTE',  1031,  1084,  1003),
(1065,  'DEBIT',  10,  'ENCAISSEMENT_CASH',  1032,  1082,  1003),
(1066,  'CREDIT',  11,  'COMMISSION_TTC',  1032,  1076,  1003),
(1068,  'CREDIT',  13,  'COMMISSION_HORS_TAXE',  1033,  1078,  1003),
(1069,  'CREDIT',  14,  'COMMISSION_TAXE',  1033,  1079,  1003),
(1070,  'DEBIT',  15,  'CREANCE',  1034,  1085,  1003),
(1071,  'CREDIT',  16,  'ATTENTE_TRANSFERT',  1035,  1081,  1003),
(1072,  'CREDIT',  17,  'PROVISION',  1035,  1083,  1003),
(1073,  'CREDIT',  18,  'DETTE',  1034,  1085,  1003),
(1074,  'DEBIT',  19,  'ATTENTE_TRANSFERT',  1035,  1081,  1003),
(1075,  'DEBIT',  20,  'PROVISION',  1035,  1083,  1003),
(1076,  'DEBIT',  21,  'CREANCE',  1036,  1089,  1003),
(1077,  'CREDIT',  22,  'TIERCE_PRINCIPAL',  1037,  1087,  1003),
(1078,  'CREDIT',  23,  'DECAISSEMENT_CASH',  1037,  1088,  1003),
(1079,  'CREDIT',  24,  'TIERCE_PRINCIPAL',  1038,  1087,  1003),
(1080,  'CREDIT',  25,  'COMMISSION_TTC',  1038,  1088,  1003),
(1081,  'DEBIT',  26,  'DECAISSEMENT_CASH',  1039,  1089,  1003),
(1082,  'DEBIT',  0,  'PRINCIPAL',  1040,  1095,  1004),
(1083,  'DEBIT',  1,  'FRAIS',  1040,  1096,  1004),
(1084,  'CREDIT',  2,  'ENCAISSEMENT_CASH',  1041,  1098,  1004),
(1085,  'DEBIT',  3,  'ENCAISSEMENT_CASH',  1042,  1098,  1004),
(1086,  'CREDIT',  4,  'DETTE',  1043,  1098,  1004),
(1087,  'DEBIT',  5,  'CREANCE',  1044,  1097,  1004),
(1088,  'CREDIT',  6,  'ATTENTE_TRANSFERT',  1045,  1092,  1004),
(1089,  'CREDIT',  7,  'PROVISION',  1045,  1093,  1004),
(1090,  'DEBIT',  0,  'PRINCIPAL',  1046,  1099,  1005),
(1091,  'DEBIT',  1,  'FRAIS',  1046,  1100,  1005),
(1092,  'CREDIT',  2,  'COMMISSION_HORS_TAXE',  1046,  1107,  1005),
(1093,  'CREDIT',  3,  'COMMISSION_TAXE',  1046,  1108,  1005),
(1094,  'CREDIT',  4,  'ENCAISSEMENT_CASH',  1047,  1121,  1005),
(1095,  'DEBIT',  5,  'ENCAISSEMENT_CASH',  1048,  1121,  1005),
(1096,  'CREDIT',  6,  'COMMISSION_TTC',  1048,  1101,  1005),
(1097,  'CREDIT',  7,  'COMMISSION_HORS_TAXE',  1049,  1109,  1005),
(1098,  'CREDIT',  8,  'COMMISSION_TAXE',  1049,  1110,  1005),
(1099,  'CREDIT',  9,  'DETTE',  1050,  1123,  1005),
(1100,  'DEBIT',  10,  'ENCAISSEMENT_CASH',  1051,  1121,  1005),
(1101,  'CREDIT',  11,  'COMMISSION_TTC',  1051,  1113,  1005),
(1102,  'CREDIT',  12,  'COMMISSION_HORS_TAXE',  1052,  1111,  1005),
(1103,  'CREDIT',  13,  'COMMISSION_TAXE',  1052,  1112,  1005),
(1104,  'CREDIT',  14,  'DETTE',  1053,  1124,  1005),
(1105,  'DEBIT',  15,  'ENCAISSEMENT_CASH',  1054,  1121,  1005),
(1106,  'CREDIT',  16,  'COMMISSION_TTC',  1054,  1114,  1005),
(1108,  'CREDIT',  18,  'COMMISSION_HORS_TAXE',  1055,  1116,  1005),
(1109,  'CREDIT',  19,  'COMMISSION_TAXE',  1055,  1117,  1005),
(1110,  'DEBIT',  20,  'CREANCE',  1056,  1122,  1005),
(1111,  'CREDIT',  21,  'ATTENTE_TRANSFERT',  1057,  1119,  1005),
(1112,  'CREDIT',  22,  'PROVISION',  1057,  1120,  1005),
(1113,  'DEBIT',  0,  'PRINCIPAL',  1058,  1125,  1006),
(1114,  'DEBIT',  1,  'FRAIS',  1058,  1126,  1006),
(1115,  'CREDIT',  2,  'COMMISSION_HORS_TAXE',  1058,  1133,  1006),
(1116,  'CREDIT',  3,  'COMMISSION_TAXE',  1058,  1134,  1006),
(1117,  'CREDIT',  4,  'ENCAISSEMENT_CASH',  1059,  1146,  1006),
(1118,  'DEBIT',  5,  'ENCAISSEMENT_CASH',  1060,  1146,  1006),
(1119,  'CREDIT',  6,  'COMMISSION_TTC',  1060,  1127,  1006),
(1120,  'CREDIT',  7,  'COMMISSION_HORS_TAXE',  1061,  1135,  1006),
(1121,  'CREDIT',  8,  'COMMISSION_TAXE',  1061,  1136,  1006),
(1122,  'CREDIT',  9,  'DETTE',  1062,  1149,  1006),
(1123,  'DEBIT',  10,  'ENCAISSEMENT_CASH',  1063,  1146,  1006),
(1124,  'CREDIT',  11,  'COMMISSION_TTC',  1063,  1139,  1006),
(1125,  'CREDIT',  12,  'COMMISSION_HORS_TAXE',  1064,  1137,  1006),
(1126,  'CREDIT',  13,  'COMMISSION_TAXE',  1064,  1138,  1006),
(1127,  'CREDIT',  14,  'DETTE',  1065,  1150,  1006),
(1128,  'DEBIT',  15,  'ENCAISSEMENT_CASH',  1066,  1146,  1006),
(1129,  'CREDIT',  16,  'COMMISSION_TTC',  1066,  1140,  1006),
(1131,  'CREDIT',  18,  'COMMISSION_HORS_TAXE',  1067,  1142,  1006),
(1132,  'CREDIT',  19,  'COMMISSION_TAXE',  1067,  1143,  1006),
(1133,  'DEBIT',  20,  'CREANCE',  1068,  1151,  1006),
(1134,  'CREDIT',  21,  'ATTENTE_TRANSFERT',  1069,  1145,  1006),
(1135,  'CREDIT',  22,  'PROVISION',  1069,  1147,  1006),
(1136,  'CREDIT',  23,  'DETTE',  1068,  1151,  1006),
(1137,  'DEBIT',  24,  'ATTENTE_TRANSFERT',  1069,  1145,  1006),
(1138,  'DEBIT',  25,  'PROVISION',  1069,  1147,  1006),
(1139,  'DEBIT',  26,  'CREANCE',  1070,  1155,  1006),
(1140,  'CREDIT',  27,  'DECAISSEMENT_CASH',  1071,  1153,  1006),
(1141,  'CREDIT',  28,  'COMMISSION_TTC',  1071,  1154,  1006),
(1142,  'CREDIT',  29,  'TIERCE_PRINCIPAL',  1072,  1153,  1006),
(1143,  'CREDIT',  30,  'COMMISSION_TTC',  1072,  1154,  1006),
(1144,  'DEBIT',  31,  'DECAISSEMENT_CASH',  1073,  1155,  1006),
(1575,  'DEBIT',  0,  'PRINCIPAL',  1322,  1551,  1031),
(1576,  'DEBIT',  1,  'FRAIS',  1322,  1555,  1031),
(1577,  'CREDIT',  2,  'MISE_A_DISPOSITION',  1323,  1560,  1031),
(1578,  'DEBIT',  3,  'MISE_A_DISPOSITION',  1324,  1560,  1031),
(1579,  'CREDIT',  4,  'DETTE',  1325,  1560,  1031),
(1580,  'DEBIT',  5,  'MISE_A_DISPOSITION',  1326,  1560,  1031),
(1581,  'CREDIT',  6,  'DETTE',  1327,  1560,  1031),
(1582,  'DEBIT',  7,  'MISE_A_DISPOSITION',  1328,  1560,  1031),
(1583,  'CREDIT',  8,  'COMMISSION_HORS_TAXE',  1329,  1558,  1031),
(1584,  'CREDIT',  9,  'COMMISSION_TAXE',  1329,  1559,  1031),
(1585,  'CREDIT',  10,  'ATTENTE_TRANSFERT',  1330,  1551,  1031),
(1586,  'CREDIT',  11,  'PROVISION',  1330,  1553,  1031),
(1587,  'DEBIT',  12,  'CREANCE',  1331,  1565,  1031),
(1588,  'CREDIT',  13,  'DECAISSEMENT_CASH',  1332,  1563,  1031),
(1589,  'CREDIT',  14,  'COMMISSION_TTC',  1332,  1564,  1031),
(1590,  'CREDIT',  15,  'TIERCE_PRINCIPAL',  1333,  1563,  1031),
(1591,  'CREDIT',  16,  'COMMISSION_TTC',  1333,  1564,  1031),
(1592,  'DEBIT',  17,  'DECAISSEMENT_CASH',  1334,  1565,  1031),
(1593,  'DEBIT',  0,  'PRINCIPAL',  1335,  1566,  1032),
(1206,  'DEBIT',  0,  'ATTENTE_TRANSFERT',  1109,  1225,  1011),
(1207,  'DEBIT',  1,  'PROVISION',  1109,  1226,  1011),
(1208,  'CREDIT',  2,  'COMMISSION_HORS_TAXE',  1110,  1240,  1011),
(1209,  'CREDIT',  3,  'COMMISSION_TAXE',  1110,  1241,  1011),
(1210,  'CREDIT',  4,  'DECAISSEMENT_CASH',  1111,  1225,  1011),
(1211,  'CREDIT',  5,  'COMMISSION_TTC',  1111,  1233,  1011),
(1212,  'DEBIT',  6,  'CREANCE',  1112,  1242,  1011),
(1213,  'CREDIT',  7,  'DECAISSEMENT_CASH',  1113,  1225,  1011),
(1214,  'CREDIT',  8,  'COMMISSION_TTC',  1113,  1231,  1011),
(1215,  'CREDIT',  9,  'COMMISSION_HORS_TAXE',  1114,  1238,  1011),
(1216,  'CREDIT',  10,  'COMMISSION_TAXE',  1114,  1239,  1011),
(1217,  'DEBIT',  11,  'DECAISSEMENT_CASH',  1115,  1225,  1011),
(1218,  'CREDIT',  12,  'PRINCIPAL',  1116,  1225,  1011),
(1219,  'CREDIT',  13,  'COMMISSION_HORS_TAXE',  1116,  1236,  1011),
(1220,  'CREDIT',  14,  'COMMISSION_TAXE',  1116,  1237,  1011),
(1221,  'DEBIT',  0,  'TIERCE_PRINCIPAL',  1117,  1246,  1012),
(1222,  'DEBIT',  1,  'COMMISSION_TTC',  1117,  1247,  1012),
(1223,  'CREDIT',  2,  'REVERSE_DECAISSEMENT_CASH',  1118,  1265,  1012),
(1224,  'DEBIT',  3,  'REVERSE_DECAISSEMENT_CASH',  1119,  1246,  1012),
(1225,  'DEBIT',  4,  'COMMISSION_TTC',  1119,  1247,  1012),
(1226,  'CREDIT',  5,  'DETTE',  1120,  1265,  1012),
(1227,  'DEBIT',  6,  'CREANCE',  1121,  1255,  1012),
(1228,  'CREDIT',  7,  'COMMISSION_HORS_TAXE',  1121,  1261,  1012),
(1229,  'CREDIT',  8,  'COMMISSION_TAXE',  1121,  1262,  1012),
(1230,  'CREDIT',  9,  'DECAISSEMENT_CASH',  1122,  1244,  1012),
(1231,  'CREDIT',  10,  'COMMISSION_TTC',  1122,  1254,  1012),
(1232,  'DEBIT',  11,  'CREANCE',  1123,  1263,  1012),
(1233,  'CREDIT',  12,  'DECAISSEMENT_CASH',  1124,  1244,  1012),
(1234,  'CREDIT',  13,  'COMMISSION_TTC',  1124,  1252,  1012),
(1235,  'CREDIT',  14,  'COMMISSION_HORS_TAXE',  1125,  1259,  1012),
(1236,  'CREDIT',  15,  'COMMISSION_TAXE',  1125,  1260,  1012),
(1237,  'DEBIT',  16,  'DECAISSEMENT_CASH',  1126,  1244,  1012),
(1238,  'CREDIT',  17,  'PRINCIPAL',  1127,  1244,  1012),
(1239,  'CREDIT',  18,  'COMMISSION_HORS_TAXE',  1127,  1257,  1012),
(1240,  'CREDIT',  19,  'COMMISSION_TAXE',  1127,  1258,  1012),
(1241,  'DEBIT',  0,  'TIERCE_PRINCIPAL',  1128,  1268,  1013),
(1242,  'DEBIT',  1,  'FRAIS',  1128,  1269,  1013),
(1243,  'CREDIT',  2,  'DETTE',  1129,  1287,  1013),
(1244,  'DEBIT',  3,  'TIERCE_PRINCIPAL',  1130,  1268,  1013),
(1245,  'DEBIT',  4,  'FRAIS',  1130,  1269,  1013),
(1246,  'CREDIT',  5,  'DETTE',  1131,  1287,  1013),
(1247,  'DEBIT',  6,  'CREANCE',  1132,  1277,  1013),
(1248,  'CREDIT',  7,  'COMMISSION_HORS_TAXE',  1132,  1283,  1013),
(1249,  'CREDIT',  8,  'COMMISSION_TAXE',  1132,  1284,  1013),
(1250,  'CREDIT',  9,  'DECAISSEMENT_CASH',  1133,  1266,  1013),
(1251,  'CREDIT',  10,  'COMMISSION_TTC',  1133,  1276,  1013),
(1252,  'DEBIT',  11,  'CREANCE',  1134,  1285,  1013),
(1253,  'CREDIT',  12,  'DECAISSEMENT_CASH',  1135,  1266,  1013),
(1254,  'CREDIT',  13,  'COMMISSION_TTC',  1135,  1274,  1013),
(1255,  'CREDIT',  14,  'COMMISSION_HORS_TAXE',  1136,  1281,  1013),
(1256,  'CREDIT',  15,  'COMMISSION_TAXE',  1136,  1282,  1013),
(1257,  'DEBIT',  16,  'DECAISSEMENT_CASH',  1137,  1266,  1013),
(1258,  'CREDIT',  17,  'PRINCIPAL',  1138,  1266,  1013),
(1259,  'CREDIT',  18,  'COMMISSION_HORS_TAXE',  1138,  1279,  1013),
(1260,  'CREDIT',  19,  'COMMISSION_TAXE',  1138,  1280,  1013),
(1261,  'DEBIT',  0,  'ATTENTE_TRANSFERT',  1139,  1288,  1014),
(1262,  'DEBIT',  1,  'PROVISION',  1139,  1289,  1014),
(1263,  'CREDIT',  2,  'COMMISSION_HORS_TAXE',  1140,  1308,  1014),
(1264,  'CREDIT',  3,  'COMMISSION_TAXE',  1140,  1309,  1014),
(1265,  'CREDIT',  4,  'DECAISSEMENT_CASH',  1141,  1288,  1014),
(1266,  'CREDIT',  5,  'COMMISSION_TTC',  1141,  1299,  1014),
(1267,  'DEBIT',  6,  'CREANCE',  1142,  1310,  1014),
(1268,  'CREDIT',  7,  'DECAISSEMENT_CASH',  1143,  1288,  1014),
(1269,  'CREDIT',  8,  'COMMISSION_TTC',  1143,  1298,  1014),
(1270,  'CREDIT',  9,  'COMMISSION_HORS_TAXE',  1144,  1306,  1014),
(1271,  'CREDIT',  10,  'COMMISSION_TAXE',  1144,  1307,  1014),
(1272,  'DEBIT',  11,  'CREANCE',  1145,  1311,  1014),
(1273,  'CREDIT',  12,  'DECAISSEMENT_CASH',  1146,  1288,  1014),
(1274,  'CREDIT',  13,  'COMMISSION_TTC',  1146,  1295,  1014),
(1275,  'CREDIT',  14,  'COMMISSION_HORS_TAXE',  1147,  1304,  1014),
(1276,  'CREDIT',  15,  'COMMISSION_TAXE',  1147,  1305,  1014),
(1277,  'DEBIT',  16,  'DECAISSEMENT_CASH',  1148,  1288,  1014),
(1278,  'CREDIT',  17,  'PRINCIPAL',  1149,  1288,  1014),
(1279,  'CREDIT',  18,  'COMMISSION_HORS_TAXE',  1149,  1302,  1014),
(1280,  'CREDIT',  19,  'COMMISSION_TAXE',  1149,  1303,  1014),
(1281,  'DEBIT',  0,  'TIERCE_PRINCIPAL',  1150,  1315,  1015),
(1282,  'DEBIT',  1,  'COMMISSION_TTC',  1150,  1316,  1015),
(1283,  'CREDIT',  2,  'REVERSE_DECAISSEMENT_CASH',  1151,  1340,  1015),
(1284,  'DEBIT',  3,  'REVERSE_DECAISSEMENT_CASH',  1152,  1315,  1015),
(1285,  'DEBIT',  4,  'COMMISSION_TTC',  1152,  1316,  1015),
(1286,  'CREDIT',  5,  'DETTE',  1153,  1340,  1015),
(1287,  'DEBIT',  6,  'CREANCE',  1154,  1327,  1015),
(1288,  'CREDIT',  7,  'COMMISSION_HORS_TAXE',  1154,  1335,  1015),
(1289,  'CREDIT',  8,  'COMMISSION_TAXE',  1154,  1336,  1015),
(1290,  'CREDIT',  9,  'DECAISSEMENT_CASH',  1155,  1313,  1015),
(1291,  'CREDIT',  10,  'COMMISSION_TTC',  1155,  1326,  1015),
(1292,  'DEBIT',  11,  'CREANCE',  1156,  1337,  1015),
(1293,  'CREDIT',  12,  'DECAISSEMENT_CASH',  1157,  1313,  1015),
(1294,  'CREDIT',  13,  'COMMISSION_TTC',  1157,  1325,  1015),
(1295,  'CREDIT',  14,  'COMMISSION_HORS_TAXE',  1158,  1333,  1015),
(1296,  'CREDIT',  15,  'COMMISSION_TAXE',  1158,  1334,  1015),
(1297,  'DEBIT',  16,  'CREANCE',  1159,  1338,  1015),
(1298,  'CREDIT',  17,  'DECAISSEMENT_CASH',  1160,  1313,  1015),
(1299,  'CREDIT',  18,  'COMMISSION_TTC',  1160,  1322,  1015),
(1300,  'CREDIT',  19,  'COMMISSION_HORS_TAXE',  1161,  1331,  1015),
(1301,  'CREDIT',  20,  'COMMISSION_TAXE',  1161,  1332,  1015),
(1302,  'DEBIT',  21,  'DECAISSEMENT_CASH',  1162,  1313,  1015),
(1303,  'CREDIT',  22,  'PRINCIPAL',  1163,  1313,  1015),
(1304,  'CREDIT',  23,  'COMMISSION_HORS_TAXE',  1163,  1329,  1015),
(1305,  'CREDIT',  24,  'COMMISSION_TAXE',  1163,  1330,  1015),
(1306,  'DEBIT',  0,  'TIERCE_PRINCIPAL',  1164,  1343,  1016),
(1307,  'DEBIT',  1,  'FRAIS',  1164,  1344,  1016),
(1308,  'CREDIT',  2,  'DETTE',  1165,  1368,  1016),
(1309,  'DEBIT',  3,  'TIERCE_PRINCIPAL',  1166,  1343,  1016),
(1310,  'DEBIT',  4,  'FRAIS',  1166,  1344,  1016),
(1311,  'CREDIT',  5,  'DETTE',  1167,  1368,  1016),
(1312,  'DEBIT',  6,  'CREANCE',  1168,  1355,  1016),
(1313,  'CREDIT',  7,  'COMMISSION_HORS_TAXE',  1168,  1363,  1016),
(1314,  'CREDIT',  8,  'COMMISSION_TAXE',  1168,  1364,  1016),
(1315,  'CREDIT',  9,  'DECAISSEMENT_CASH',  1169,  1341,  1016),
(1316,  'CREDIT',  10,  'COMMISSION_TTC',  1169,  1354,  1016),
(1317,  'DEBIT',  11,  'CREANCE',  1170,  1365,  1016),
(1318,  'CREDIT',  12,  'DECAISSEMENT_CASH',  1171,  1341,  1016),
(1319,  'CREDIT',  13,  'COMMISSION_TTC',  1171,  1353,  1016),
(1320,  'CREDIT',  14,  'COMMISSION_HORS_TAXE',  1172,  1361,  1016),
(1321,  'CREDIT',  15,  'COMMISSION_TAXE',  1172,  1362,  1016),
(1322,  'DEBIT',  16,  'CREANCE',  1173,  1366,  1016),
(1323,  'CREDIT',  17,  'DECAISSEMENT_CASH',  1174,  1341,  1016),
(1324,  'CREDIT',  18,  'COMMISSION_TTC',  1174,  1350,  1016),
(1325,  'CREDIT',  19,  'COMMISSION_HORS_TAXE',  1175,  1359,  1016),
(1326,  'CREDIT',  20,  'COMMISSION_TAXE',  1175,  1360,  1016),
(1327,  'DEBIT',  21,  'DECAISSEMENT_CASH',  1176,  1341,  1016),
(1328,  'CREDIT',  22,  'PRINCIPAL',  1177,  1341,  1016),
(1329,  'CREDIT',  23,  'COMMISSION_HORS_TAXE',  1177,  1357,  1016),
(1330,  'CREDIT',  24,  'COMMISSION_TAXE',  1177,  1358,  1016),
(1331,  'DEBIT',  0,  'PRINCIPAL',  1178,  1369,  1017),
(1332,  'DEBIT',  1,  'FRAIS',  1178,  1371,  1017),
(1333,  'CREDIT',  2,  'MISE_A_DISPOSITION',  1179,  1372,  1017),
(1334,  'DEBIT',  3,  'MISE_A_DISPOSITION',  1180,  1372,  1017),
(1335,  'CREDIT',  4,  'DETTE',  1181,  1372,  1017),
(1336,  'DEBIT',  5,  'MISE_A_DISPOSITION',  1182,  1372,  1017),
(1337,  'CREDIT',  6,  'DETTE',  1183,  1372,  1017),
(1338,  'DEBIT',  7,  'MISE_A_DISPOSITION',  1184,  1372,  1017),
(1339,  'CREDIT',  8,  'ATTENTE_TRANSFERT',  1185,  1369,  1017),
(1340,  'CREDIT',  9,  'PROVISION',  1185,  1371,  1017),
(1594,  'DEBIT',  1,  'FRAIS',  1335,  1570,  1032),
(1595,  'CREDIT',  2,  'MISE_A_DISPOSITION',  1336,  1575,  1032),
(1596,  'DEBIT',  3,  'MISE_A_DISPOSITION',  1337,  1575,  1032),
(1597,  'CREDIT',  4,  'DETTE',  1338,  1575,  1032),
(1598,  'DEBIT',  5,  'MISE_A_DISPOSITION',  1339,  1575,  1032),
(1599,  'CREDIT',  6,  'COMMISSION_HORS_TAXE',  1340,  1573,  1032),
(1600,  'CREDIT',  7,  'COMMISSION_TAXE',  1340,  1574,  1032),
(1601,  'CREDIT',  8,  'ATTENTE_TRANSFERT',  1341,  1566,  1032),
(1602,  'CREDIT',  9,  'PROVISION',  1341,  1568,  1032),
(1603,  'DEBIT',  10,  'CREANCE',  1342,  1580,  1032),
(1604,  'CREDIT',  11,  'DECAISSEMENT_CASH',  1343,  1578,  1032),
(1605,  'CREDIT',  12,  'COMMISSION_TTC',  1343,  1579,  1032),
(1606,  'CREDIT',  13,  'TIERCE_PRINCIPAL',  1344,  1578,  1032),
(1607,  'CREDIT',  14,  'COMMISSION_TTC',  1344,  1579,  1032),
(1608,  'DEBIT',  15,  'DECAISSEMENT_CASH',  1345,  1580,  1032),
(1710,  'CREDIT',  17,  'PRINCIPAL',  1403,  1681,  1038),
(1711,  'CREDIT',  18,  'COMMISSION_HORS_TAXE',  1403,  1696,  1038),
(1359,  'DEBIT',  0,  'PRINCIPAL',  1199,  1387,  1019),
(1360,  'DEBIT',  1,  'FRAIS',  1199,  1389,  1019),
(1361,  'CREDIT',  2,  'MISE_A_DISPOSITION',  1200,  1390,  1019),
(1362,  'DEBIT',  3,  'MISE_A_DISPOSITION',  1201,  1390,  1019),
(1363,  'CREDIT',  4,  'DETTE',  1202,  1390,  1019),
(1364,  'DEBIT',  5,  'MISE_A_DISPOSITION',  1203,  1390,  1019),
(1365,  'CREDIT',  6,  'ATTENTE_TRANSFERT',  1204,  1387,  1019),
(1366,  'CREDIT',  7,  'PROVISION',  1204,  1389,  1019),
(1049,  'CREDIT',  12,  'DETTE',  1024,  1583,  1002),
(1067,  'CREDIT',  12,  'DETTE',  1033,  1584,  1003),
(1107,  'CREDIT',  17,  'DETTE',  1055,  1585,  1005),
(1130,  'CREDIT',  17,  'DETTE',  1067,  1586,  1006),
(1712,  'CREDIT',  19,  'COMMISSION_TAXE',  1403,  1697,  1038),
(1713,  'DEBIT',  0,  'TIERCE_PRINCIPAL',  1404,  1707,  1039),
(1714,  'DEBIT',  1,  'FRAIS',  1404,  1708,  1039),
(1715,  'CREDIT',  2,  'DETTE',  1405,  1728,  1039),
(1716,  'DEBIT',  3,  'TIERCE_PRINCIPAL',  1406,  1707,  1039),
(1717,  'DEBIT',  4,  'FRAIS',  1406,  1708,  1039),
(1718,  'CREDIT',  5,  'DETTE',  1407,  1728,  1039),
(1719,  'DEBIT',  6,  'CREANCE',  1408,  1718,  1039),
(1720,  'CREDIT',  7,  'COMMISSION_HORS_TAXE',  1408,  1724,  1039),
(1721,  'CREDIT',  8,  'COMMISSION_TAXE',  1408,  1725,  1039),
(1722,  'CREDIT',  9,  'DECAISSEMENT_CASH',  1409,  1705,  1039),
(1723,  'CREDIT',  10,  'COMMISSION_TTC',  1409,  1717,  1039),
(1724,  'DEBIT',  11,  'CREANCE',  1410,  1726,  1039),
(1725,  'CREDIT',  12,  'DECAISSEMENT_CASH',  1411,  1705,  1039),
(1726,  'CREDIT',  13,  'COMMISSION_TTC',  1411,  1715,  1039),
(1727,  'CREDIT',  14,  'COMMISSION_HORS_TAXE',  1412,  1722,  1039),
(1728,  'CREDIT',  15,  'COMMISSION_TAXE',  1412,  1723,  1039),
(1729,  'DEBIT',  16,  'DECAISSEMENT_CASH',  1413,  1705,  1039),
(1730,  'CREDIT',  17,  'PRINCIPAL',  1414,  1705,  1039),
(1731,  'CREDIT',  18,  'COMMISSION_HORS_TAXE',  1414,  1720,  1039),
(1732,  'CREDIT',  19,  'COMMISSION_TAXE',  1414,  1721,  1039),
(1733,  'CREDIT',  0,  'ENCAISSEMENT_CASH',  1415,  1736,  1040),
(1734,  'DEBIT',  1,  'PRINCIPAL',  1416,  1729,  1040),
(1735,  'DEBIT',  2,  'FRAIS',  1416,  1730,  1040),
(1736,  'DEBIT',  3,  'TIMBRE',  1416,  1731,  1040),
(1737,  'CREDIT',  4,  'COMMISSION_HORS_TAXE',  1416,  1740,  1040),
(1738,  'CREDIT',  5,  'COMMISSION_TAXE',  1416,  1741,  1040),
(1739,  'CREDIT',  6,  'DETTE',  1415,  1739,  1040),
(1740,  'DEBIT',  7,  'ENCAISSEMENT_CASH',  1417,  1736,  1040),
(1741,  'CREDIT',  8,  'COMMISSION_TTC',  1417,  1732,  1040),
(1742,  'CREDIT',  9,  'TIMBRE',  1418,  1731,  1040),
(1743,  'CREDIT',  10,  'DETTE',  1419,  1738,  1040),
(1744,  'DEBIT',  11,  'ENCAISSEMENT_CASH',  1420,  1736,  1040),
(1745,  'CREDIT',  12,  'COMMISSION_TTC',  1420,  1732,  1040),
(1746,  'CREDIT',  13,  'TIMBRE',  1420,  1731,  1040),
(1747,  'CREDIT',  14,  'VERSEMENT_COMPTE',  1420,  1729,  1040),
(1748,  'CREDIT',  15,  'COMMISSION_HORS_TAXE',  1421,  1742,  1040),
(1749,  'CREDIT',  16,  'COMMISSION_TAXE',  1421,  1743,  1040),
(1750,  'DEBIT',  17,  'VERSEMENT_COMPTE',  1422,  1729,  1040),
(1751,  'CREDIT',  18,  'TIERCE_PRINCIPAL',  1423,  1729,  1040),
(1752,  'DEBIT',  19,  'VERSEMENT_COMPTE',  1424,  1729,  1040),
(1753,  'CREDIT',  20,  'VERSEMENT_COMPTE',  1425,  1729,  1040),
(1500,  'CREDIT',  0,  'ENCAISSEMENT_CASH',  1277,  1498,  1027),
(1501,  'DEBIT',  1,  'PRINCIPAL',  1278,  1491,  1027),
(1502,  'DEBIT',  2,  'FRAIS',  1278,  1492,  1027),
(1503,  'DEBIT',  3,  'AUTRES_FRAIS',  1278,  1493,  1027),
(1504,  'CREDIT',  4,  'TIMBRE',  1278,  1493,  1027),
(1505,  'CREDIT',  5,  'COMMISSION_HORS_TAXE',  1278,  1501,  1027),
(1506,  'CREDIT',  6,  'COMMISSION_TAXE',  1278,  1502,  1027),
(1507,  'CREDIT',  7,  'DETTE',  1277,  1500,  1027),
(1508,  'DEBIT',  8,  'ENCAISSEMENT_CASH',  1279,  1498,  1027),
(1509,  'CREDIT',  9,  'COMMISSION_TTC',  1279,  1494,  1027),
(1510,  'CREDIT',  10,  'TIMBRE',  1279,  1493,  1027),
(1511,  'CREDIT',  11,  'VERSEMENT_COMPTE',  1279,  1491,  1027),
(1512,  'CREDIT',  12,  'COMMISSION_HORS_TAXE',  1280,  1503,  1027),
(1513,  'CREDIT',  13,  'COMMISSION_TAXE',  1280,  1504,  1027),
(1514,  'DEBIT',  14,  'VERSEMENT_COMPTE',  1281,  1491,  1027),
(1515,  'CREDIT',  15,  'TIERCE_PRINCIPAL',  1282,  1491,  1027),
(1516,  'DEBIT',  16,  'VERSEMENT_COMPTE',  1283,  1491,  1027),
(1517,  'CREDIT',  17,  'VERSEMENT_COMPTE',  1284,  1491,  1027),
(1518,  'CREDIT',  0,  'ENCAISSEMENT_CASH',  1285,  1512,  1028),
(1519,  'DEBIT',  1,  'PRINCIPAL',  1286,  1505,  1028),
(1520,  'DEBIT',  2,  'FRAIS',  1286,  1506,  1028),
(1521,  'DEBIT',  3,  'TIMBRE',  1286,  1507,  1028),
(1522,  'CREDIT',  4,  'COMMISSION_HORS_TAXE',  1286,  1516,  1028),
(1523,  'CREDIT',  5,  'COMMISSION_TAXE',  1286,  1517,  1028),
(1524,  'CREDIT',  6,  'DETTE',  1285,  1515,  1028),
(1525,  'DEBIT',  7,  'ENCAISSEMENT_CASH',  1287,  1512,  1028),
(1526,  'CREDIT',  8,  'COMMISSION_TTC',  1287,  1508,  1028),
(1527,  'CREDIT',  9,  'TIMBRE',  1288,  1507,  1028),
(1528,  'CREDIT',  10,  'DETTE',  1289,  1514,  1028),
(1529,  'DEBIT',  11,  'ENCAISSEMENT_CASH',  1290,  1512,  1028),
(1530,  'CREDIT',  12,  'COMMISSION_TTC',  1290,  1508,  1028),
(1531,  'CREDIT',  13,  'TIMBRE',  1290,  1507,  1028),
(1532,  'CREDIT',  14,  'VERSEMENT_COMPTE',  1290,  1505,  1028),
(1533,  'CREDIT',  15,  'COMMISSION_HORS_TAXE',  1291,  1518,  1028),
(1534,  'CREDIT',  16,  'COMMISSION_TAXE',  1291,  1519,  1028),
(1535,  'DEBIT',  17,  'VERSEMENT_COMPTE',  1292,  1505,  1028),
(1536,  'CREDIT',  18,  'TIERCE_PRINCIPAL',  1293,  1505,  1028),
(1537,  'DEBIT',  19,  'VERSEMENT_COMPTE',  1294,  1505,  1028),
(1538,  'CREDIT',  20,  'VERSEMENT_COMPTE',  1295,  1505,  1028),
(1539,  'DEBIT',  21,  'VERSEMENT_COMPTE',  1296,  1505,  1028),
(1540,  'CREDIT',  22,  'VERSEMENT_COMPTE',  1297,  1505,  1028),
(1654,  'DEBIT',  0,  'PRINCIPAL',  1368,  1641,  1035),
(1655,  'DEBIT',  1,  'FRAIS',  1368,  1643,  1035),
(1656,  'CREDIT',  2,  'MISE_A_DISPOSITION',  1369,  1644,  1035),
(1657,  'DEBIT',  3,  'MISE_A_DISPOSITION',  1370,  1644,  1035),
(1658,  'CREDIT',  4,  'DETTE',  1371,  1644,  1035),
(1659,  'DEBIT',  5,  'MISE_A_DISPOSITION',  1372,  1644,  1035),
(1660,  'CREDIT',  6,  'ATTENTE_TRANSFERT',  1373,  1641,  1035),
(1661,  'CREDIT',  7,  'PROVISION',  1373,  1643,  1035),
(1662,  'DEBIT',  0,  'PRINCIPAL',  1374,  1645,  1036),
(1663,  'DEBIT',  1,  'FRAIS',  1374,  1649,  1036),
(1664,  'CREDIT',  2,  'MISE_A_DISPOSITION',  1375,  1654,  1036),
(1665,  'DEBIT',  3,  'MISE_A_DISPOSITION',  1376,  1654,  1036),
(1666,  'CREDIT',  4,  'DETTE',  1377,  1654,  1036),
(1667,  'DEBIT',  5,  'MISE_A_DISPOSITION',  1378,  1654,  1036),
(1668,  'CREDIT',  6,  'COMMISSION_HORS_TAXE',  1379,  1652,  1036),
(1669,  'CREDIT',  7,  'COMMISSION_TAXE',  1379,  1653,  1036),
(1670,  'CREDIT',  8,  'ATTENTE_TRANSFERT',  1380,  1645,  1036),
(1671,  'CREDIT',  9,  'PROVISION',  1380,  1647,  1036),
(1672,  'DEBIT',  10,  'CREANCE',  1381,  1659,  1036),
(1673,  'CREDIT',  11,  'DECAISSEMENT_CASH',  1382,  1657,  1036),
(1674,  'CREDIT',  12,  'COMMISSION_TTC',  1382,  1658,  1036),
(1675,  'CREDIT',  13,  'TIERCE_PRINCIPAL',  1383,  1657,  1036),
(1676,  'CREDIT',  14,  'COMMISSION_TTC',  1383,  1658,  1036),
(1677,  'DEBIT',  15,  'DECAISSEMENT_CASH',  1384,  1659,  1036),
(1678,  'DEBIT',  0,  'ATTENTE_TRANSFERT',  1385,  1660,  1037),
(1679,  'DEBIT',  1,  'PROVISION',  1385,  1661,  1037),
(1680,  'CREDIT',  2,  'COMMISSION_HORS_TAXE',  1386,  1677,  1037),
(1681,  'CREDIT',  3,  'COMMISSION_TAXE',  1386,  1678,  1037),
(1682,  'CREDIT',  4,  'DECAISSEMENT_CASH',  1387,  1660,  1037),
(1683,  'CREDIT',  5,  'COMMISSION_TTC',  1387,  1670,  1037),
(1684,  'DEBIT',  6,  'CREANCE',  1388,  1679,  1037),
(1685,  'CREDIT',  7,  'DECAISSEMENT_CASH',  1389,  1660,  1037),
(1686,  'CREDIT',  8,  'COMMISSION_TTC',  1389,  1668,  1037),
(1687,  'CREDIT',  9,  'COMMISSION_HORS_TAXE',  1390,  1675,  1037),
(1688,  'CREDIT',  10,  'COMMISSION_TAXE',  1390,  1676,  1037),
(1689,  'DEBIT',  11,  'DECAISSEMENT_CASH',  1391,  1660,  1037),
(1690,  'CREDIT',  12,  'PRINCIPAL',  1392,  1660,  1037),
(1691,  'CREDIT',  13,  'COMMISSION_HORS_TAXE',  1392,  1673,  1037),
(1692,  'CREDIT',  14,  'COMMISSION_TAXE',  1392,  1674,  1037),
(1693,  'DEBIT',  0,  'TIERCE_PRINCIPAL',  1393,  1683,  1038),
(1694,  'DEBIT',  1,  'COMMISSION_TTC',  1393,  1684,  1038),
(1695,  'CREDIT',  2,  'REVERSE_DECAISSEMENT_CASH',  1394,  1704,  1038),
(1696,  'DEBIT',  3,  'REVERSE_DECAISSEMENT_CASH',  1395,  1683,  1038),
(1697,  'DEBIT',  4,  'COMMISSION_TTC',  1395,  1684,  1038),
(1698,  'CREDIT',  5,  'DETTE',  1396,  1704,  1038),
(1699,  'DEBIT',  6,  'CREANCE',  1397,  1694,  1038),
(1700,  'CREDIT',  7,  'COMMISSION_HORS_TAXE',  1397,  1700,  1038),
(1701,  'CREDIT',  8,  'COMMISSION_TAXE',  1397,  1701,  1038),
(1702,  'CREDIT',  9,  'DECAISSEMENT_CASH',  1398,  1681,  1038),
(1703,  'CREDIT',  10,  'COMMISSION_TTC',  1398,  1693,  1038),
(1704,  'DEBIT',  11,  'CREANCE',  1399,  1702,  1038),
(1705,  'CREDIT',  12,  'DECAISSEMENT_CASH',  1400,  1681,  1038),
(1706,  'CREDIT',  13,  'COMMISSION_TTC',  1400,  1691,  1038),
(1707,  'CREDIT',  14,  'COMMISSION_HORS_TAXE',  1401,  1698,  1038),
(1708,  'CREDIT',  15,  'COMMISSION_TAXE',  1401,  1699,  1038),
(1709,  'DEBIT',  16,  'DECAISSEMENT_CASH',  1402,  1681,  1038),
(1799,  'DEBIT',  0,  'PRINCIPAL',  1448,  1805,  1043),
(1800,  'DEBIT',  1,  'FRAIS',  1448,  1813,  1043),
(1801,  'CREDIT',  2,  'COMMISSION_HORS_TAXE',  1448,  1818,  1043),
(1802,  'CREDIT',  3,  'COMMISSION_TAXE',  1448,  1819,  1043),
(1803,  'CREDIT',  4,  'ENCAISSEMENT_CASH',  1449,  1829,  1043),
(1804,  'DEBIT',  5,  'ENCAISSEMENT_CASH',  1450,  1829,  1043),
(1805,  'CREDIT',  6,  'COMMISSION_TTC',  1450,  1814,  1043),
(1806,  'CREDIT',  7,  'COMMISSION_HORS_TAXE',  1451,  1820,  1043),
(1807,  'CREDIT',  8,  'COMMISSION_TAXE',  1451,  1821,  1043),
(1808,  'CREDIT',  9,  'DETTE',  1452,  1830,  1043),
(1809,  'DEBIT',  10,  'ENCAISSEMENT_CASH',  1453,  1829,  1043),
(1810,  'CREDIT',  11,  'COMMISSION_TTC',  1453,  1822,  1043),
(1811,  'CREDIT',  12,  'DETTE',  1454,  1831,  1043),
(1812,  'CREDIT',  13,  'COMMISSION_HORS_TAXE',  1454,  1824,  1043),
(1813,  'CREDIT',  14,  'COMMISSION_TAXE',  1454,  1825,  1043),
(1814,  'DEBIT',  15,  'CREANCE',  1455,  1832,  1043),
(1815,  'CREDIT',  16,  'ATTENTE_TRANSFERT',  1456,  1827,  1043),
(1816,  'CREDIT',  17,  'PROVISION',  1456,  1828,  1043),
(1817,  'DEBIT',  0,  'PRINCIPAL',  1457,  1833,  1044),
(1818,  'DEBIT',  1,  'FRAIS',  1457,  1841,  1044),
(1819,  'CREDIT',  2,  'COMMISSION_HORS_TAXE',  1457,  1846,  1044),
(1820,  'CREDIT',  3,  'COMMISSION_TAXE',  1457,  1847,  1044),
(1821,  'CREDIT',  4,  'ENCAISSEMENT_CASH',  1458,  1856,  1044),
(1822,  'DEBIT',  5,  'ENCAISSEMENT_CASH',  1459,  1856,  1044),
(1823,  'CREDIT',  6,  'COMMISSION_TTC',  1459,  1842,  1044),
(1824,  'CREDIT',  7,  'COMMISSION_HORS_TAXE',  1460,  1848,  1044),
(1825,  'CREDIT',  8,  'COMMISSION_TAXE',  1460,  1849,  1044),
(1826,  'CREDIT',  9,  'DETTE',  1461,  1858,  1044),
(1827,  'DEBIT',  10,  'ENCAISSEMENT_CASH',  1462,  1856,  1044),
(1828,  'CREDIT',  11,  'COMMISSION_TTC',  1462,  1850,  1044),
(1829,  'CREDIT',  12,  'DETTE',  1463,  1859,  1044),
(1830,  'CREDIT',  13,  'COMMISSION_HORS_TAXE',  1463,  1852,  1044),
(1831,  'CREDIT',  14,  'COMMISSION_TAXE',  1463,  1853,  1044),
(1832,  'DEBIT',  15,  'CREANCE',  1464,  1860,  1044),
(1833,  'CREDIT',  16,  'ATTENTE_TRANSFERT',  1465,  1855,  1044),
(1834,  'CREDIT',  17,  'PROVISION',  1465,  1857,  1044),
(1835,  'CREDIT',  18,  'DETTE',  1464,  1860,  1044),
(1836,  'DEBIT',  19,  'ATTENTE_TRANSFERT',  1465,  1855,  1044),
(1837,  'DEBIT',  20,  'PROVISION',  1465,  1857,  1044),
(1838,  'DEBIT',  21,  'CREANCE',  1466,  1864,  1044),
(1839,  'CREDIT',  22,  'TIERCE_PRINCIPAL',  1467,  1862,  1044),
(1840,  'CREDIT',  23,  'DECAISSEMENT_CASH',  1467,  1863,  1044),
(1841,  'CREDIT',  24,  'TIERCE_PRINCIPAL',  1468,  1862,  1044),
(1842,  'CREDIT',  25,  'COMMISSION_TTC',  1468,  1863,  1044),
(1843,  'DEBIT',  26,  'DECAISSEMENT_CASH',  1469,  1864,  1044),
(1844,  'DEBIT',  0,  'PRINCIPAL',  1470,  1865,  1045),
(1845,  'DEBIT',  1,  'FRAIS',  1470,  1866,  1045),
(1846,  'CREDIT',  2,  'COMMISSION_HORS_TAXE',  1470,  1874,  1045),
(1847,  'CREDIT',  3,  'COMMISSION_TAXE',  1470,  1875,  1045),
(1848,  'CREDIT',  4,  'ENCAISSEMENT_CASH',  1471,  1886,  1045),
(1849,  'DEBIT',  5,  'ENCAISSEMENT_CASH',  1472,  1886,  1045),
(1850,  'CREDIT',  6,  'COMMISSION_TTC',  1472,  1873,  1045),
(1851,  'CREDIT',  7,  'COMMISSION_HORS_TAXE',  1473,  1876,  1045),
(1852,  'CREDIT',  8,  'COMMISSION_TAXE',  1473,  1877,  1045),
(1853,  'CREDIT',  9,  'DETTE',  1474,  1889,  1045),
(1854,  'DEBIT',  10,  'ENCAISSEMENT_CASH',  1475,  1886,  1045),
(1855,  'CREDIT',  11,  'COMMISSION_TTC',  1475,  1878,  1045),
(1856,  'CREDIT',  12,  'DETTE',  1476,  1890,  1045),
(1857,  'CREDIT',  13,  'COMMISSION_HORS_TAXE',  1476,  1881,  1045),
(1858,  'CREDIT',  14,  'COMMISSION_TAXE',  1476,  1882,  1045),
(1859,  'DEBIT',  15,  'CREANCE',  1477,  1887,  1045),
(1860,  'CREDIT',  16,  'ATTENTE_TRANSFERT',  1478,  1884,  1045),
(1861,  'CREDIT',  17,  'PROVISION',  1478,  1885,  1045),
(1862,  'DEBIT',  0,  'PRINCIPAL',  1479,  1891,  1046),
(1863,  'DEBIT',  1,  'FRAIS',  1479,  1892,  1046),
(1864,  'CREDIT',  2,  'COMMISSION_HORS_TAXE',  1479,  1900,  1046),
(1865,  'CREDIT',  3,  'COMMISSION_TAXE',  1479,  1901,  1046),
(1866,  'CREDIT',  4,  'ENCAISSEMENT_CASH',  1480,  1911,  1046),
(1867,  'DEBIT',  5,  'ENCAISSEMENT_CASH',  1481,  1911,  1046),
(1868,  'CREDIT',  6,  'COMMISSION_TTC',  1481,  1899,  1046),
(1869,  'CREDIT',  7,  'COMMISSION_HORS_TAXE',  1482,  1902,  1046),
(1870,  'CREDIT',  8,  'COMMISSION_TAXE',  1482,  1903,  1046),
(1871,  'CREDIT',  9,  'DETTE',  1483,  1914,  1046),
(1872,  'DEBIT',  10,  'ENCAISSEMENT_CASH',  1484,  1911,  1046),
(1873,  'CREDIT',  11,  'COMMISSION_TTC',  1484,  1904,  1046),
(1874,  'CREDIT',  12,  'DETTE',  1485,  1915,  1046),
(1875,  'CREDIT',  13,  'COMMISSION_HORS_TAXE',  1485,  1907,  1046),
(1876,  'CREDIT',  14,  'COMMISSION_TAXE',  1485,  1908,  1046),
(1877,  'DEBIT',  15,  'CREANCE',  1486,  1916,  1046),
(1878,  'CREDIT',  16,  'ATTENTE_TRANSFERT',  1487,  1910,  1046),
(1879,  'CREDIT',  17,  'PROVISION',  1487,  1912,  1046),
(1880,  'CREDIT',  18,  'DETTE',  1486,  1916,  1046),
(1881,  'DEBIT',  19,  'ATTENTE_TRANSFERT',  1487,  1910,  1046),
(1882,  'DEBIT',  20,  'PROVISION',  1487,  1912,  1046),
(1883,  'DEBIT',  21,  'CREANCE',  1488,  1920,  1046),
(1884,  'CREDIT',  22,  'DECAISSEMENT_CASH',  1489,  1918,  1046),
(1885,  'CREDIT',  23,  'COMMISSION_TTC',  1489,  1919,  1046),
(1886,  'CREDIT',  24,  'TIERCE_PRINCIPAL',  1490,  1918,  1046),
(1887,  'CREDIT',  25,  'COMMISSION_TTC',  1490,  1919,  1046),
(1888,  'DEBIT',  26,  'DECAISSEMENT_CASH',  1491,  1920,  1046);






